amenity,object_type
 music_school; art_school,commercial
AAA Southern New England,commercial
abatoire,commercial
Abbeveratoio,commercial
abbeveratoio,commercial
abris,commercial
academia,commercial
academic,commercial
Académie,commercial
academy,commercial
access,commercial
Accommodation,commercial
accomodatation facility,commercial
accomodation,commercial
accountant,commercial
accountants,commercial
accounting_office,commercial
accupuncture,commercial
acessível,commercial
acquariums,commercial
acting_school,commercial
ActiveIdeas,commercial
acupuncture,commercial
acupuncturist,commercial
Addiction Treatment,commercial
addiction_clinic,commercial
additional_education,commercial
addr:street=Boulevard Costa Verde,commercial
address,commercial
Addwear,commercial
ADIE,commercial
admin,commercial
administration,commercial
Administration prive,commercial
administrative,commercial
Aduana,commercial
adult_cinema,commercial
adult_education,commercial
adult_gambling_centre,commercial
adult_gaming_center,commercial
adult_gaming_centre,commercial
adventure courses,commercial
advertisement,commercial
advertising_column,commercial
advertising_pillar,commercial
advice,commercial
advice_bureau,commercial
advice_centre,commercial
advice_service,commercial
advice_services,commercial
advisory_body,commercial
Adwell Cop,commercial
aero_club,commercial
aerocoly,commercial
aers_centre,commercial
afisha,commercial
After School Care,commercial
after_school_club,commercial
aftersales_service,commercial
Ag Right,commercial
aged_care,commercial
aged_care_centre,commercial
agence,commercial
agence de securité,commercial
Agence de Sécurité,commercial
agence informatique,commercial
Agence Nationale,commercial
agence_telephonie,commercial
Agencia de Remises,commercial
agency,commercial
agility_tubes,commercial
agricultur place,commercial
agricultural fields,commercial
agricultural_engines,commercial
agricultural_fuel,commercial
agricultural_reception,commercial
agriculture,commercial
Agriculture,commercial
Agriculture Bank,commercial
Agriculture Deparment,commercial
Agrifirm,commercial
agro_dealer,commercial
agrocentre,commercial
air,commercial
air_ambulance,commercial
air_compressor;pressure_washer,commercial
air_conditioning,commercial
air_filling,commercial
air_pump,commercial
air_raid_shelter,commercial
air_vent,commercial
aircraft_fuel,commercial
aircraft_service,commercial
Aire de pique-nique,commercial
airline tickets,commercial
airline_office,commercial
airplane_fuel,commercial
airport;ferry_terminal;shipyard;cargo,commercial
airport_lounge,commercial
airpump,commercial
airsoft_gamesite,commercial
airtime,commercial
AKSHAYA CENTRE MADATHUMPADI PULIYOOR,commercial
alcaldia,commercial
alcohol,commercial
Alimentation générale,commercial
Almacén,commercial
almshouses,commercial
alp,commercial
alpine cottages,commercial
altar,commercial
alternative,commercial
alternative practitioner,commercial
alternative_medicine,commercial
amaca,commercial
amateur_radio_station,commercial
ambulance,commercial
ambulance point,commercial
ambulance_garage,commercial
ambulance_parking,commercial
ambulance_service,commercial
ambulatory_care,commercial
amen,commercial
amphitheater,commercial
amphitheatre,commercial
amusement,commercial
amusement_arcade,commercial
amusement_hall,commercial
amusement_park,commercial
amusement_ride,commercial
amusements,commercial
anchorage,commercial
Anchorage,commercial
angel hairstyle,commercial
angling_club,commercial
animal,commercial
animal grooming,commercial
animal minder,commercial
animal welfare,commercial
animal_bate,commercial
animal_boarding,commercial
animal_breeding,commercial
animal_breeding;animal_shelter,commercial
animal_centre,commercial
animal_effluent_disposal,commercial
animal_feed,commercial
animal_feeding,commercial
animal_hitch,commercial
animal_physiotherapist,commercial
animal_removal,commercial
animal_rescue,commercial
animal_sanctuary,commercial
animal_service,commercial
animal_shelter,commercial
animal_shelter;animal rescue,commercial
animal_training,commercial
animal_wellfare,commercial
Antaliya XXX,commercial
antenna,commercial
anthill,commercial
antique,commercial
antiques,commercial
aparthotel,commercial
apartment,residential
apartment building,residential
Apartment for rent,residential
apartments,residential
apiary,commercial
apparel,commercial
appliance,commercial
Appliance Shops,commercial
appliance store,commercial
appliance_repair,commercial
aquaculture_lab,commercial
arbol,commercial
arbor,commercial
arbour,commercial
arcade,commercial
arcade_game,commercial
archaeological_institute,commercial
architect,commercial
architectural_metalwork,commercial
archive,commercial
archives,commercial
Ark school,commercial
Armory,commercial
army,commercial
aromatherapist,commercial
arrival,commercial
art,commercial
Art gallery,commercial
art shop,commercial
art space,commercial
art_atelier,commercial
art_centre,commercial
art_classes,commercial
art_gallery,commercial
art_library,commercial
art_school,commercial
art_studio,commercial
art_work,commercial
artbuzz_sign,commercial
Artificial Grass,commercial
artists_studios,commercial
arts_centre,commercial
arts_centre; cafe,commercial
arts_centre;cafe,commercial
arts_centre;cinema;cafe,commercial
arts_centre;library,commercial
arts_centre;theatre,commercial
arts_centre;training,commercial
arts_centre;university,commercial
arts_gallery,commercial
arts_school,commercial
arts_workshop,commercial
artwo,commercial
as,commercial
ash_bin,commercial
ash_bucket,commercial
ash_tray,commercial
Ashram,commercial
ashstray,commercial
ashtray,commercial
asociación,commercial
assemble_point,commercial
assemble-point,commercial
assembly area,commercial
assembly_area,commercial
assembly_point,commercial
assembly_room,commercial
assistencia,commercial
Associação,commercial
association,commercial
Association,commercial
association_centre,commercial
assurance,commercial
assurance_agency,commercial
astrologer,commercial
astrology,commercial
astronomical_observatory,commercial
atelier de couture,commercial
Atelier de soudure,commercial
Aterrizadero,commercial
ATLAS_clean_room,commercial
atm,commercial
ATM BRI Puskom,commercial
"atm, fuel",commercial
atm; telephone,commercial
atm;bank,commercial
atm;bicycle_parking,commercial
atm;cafe,commercial
atm;community_centre,commercial
atm;fountain,commercial
atm;hospital,commercial
atm;ice_cream,commercial
atm;pharmacy,commercial
atm;place_of_worship,commercial
atm;restaurant,commercial
atm;shelter,commercial
atm;telephone,commercial
atm;toilets,commercial
atte,commercial
Attorneys,commercial
attorneys,commercial
attraction,commercial
ATV Trails,commercial
atv_rental,commercial
atv_tours,commercial
auction,commercial
auction_house,commercial
auctioneers,commercial
audiologist,commercial
auditorium,commercial
AUDITURIUM,commercial
Augen- Praxisklinik,commercial
Auswählen,commercial
authority,commercial
auto,commercial
Auto Detailing,commercial
auto école,commercial
auto electrician,commercial
Auto Insurance,commercial
auto_auction,commercial
auto_club,commercial
auto_electrical,commercial
auto_stand,commercial
auto_towing,commercial
autoclub,commercial
autogas workshop,commercial
automatenservice,commercial
Automation,commercial
automobile_club,commercial
autonomous_centre,commercial
autorickshaw_stand,commercial
autorikshaw,commercial
autre,commercial
avalanche_transceiver,commercial
Avalon Flooring,commercial
Avukat,commercial
awning,commercial
axe,commercial
aym,commercial
Ayurvedic Hospital,commercial
Azorín,commercial
B4,commercial
baby changing,commercial
baby school,commercial
baby_care,commercial
baby_change,commercial
baby_feeding,commercial
baby_goods,commercial
baby_hatch,commercial
babycare,commercial
babysitter,commercial
Bâche rouge,commercial
backing_oven,commercial
baden,commercial
bag,commercial
bag shop,commercial
bag_wrap,commercial
baggage_cart,commercial
baggage_checkin,commercial
baggage_checkroom,commercial
baggage_claim,commercial
baggage_room,commercial
baggage_tracing,commercial
baggerspecieontwateringsinrichting,commercial
bail_bonds,commercial
bailbond,commercial
Bajar,commercial
bak,commercial
bake,commercial
bake_oven,commercial
bakehouse,commercial
bakery,commercial
bakery; fast_food,commercial
baking_oven,commercial
Balai Penyuluhan KB,commercial
balance_beam,commercial
ball_washer,commercial
ballett_school,commercial
ballot_drop_box,commercial
ballroom,commercial
Balneario_Spa,commercial
Bamburi_-_Mtambo_Road_Junction,commercial
bandstand,commercial
bank,commercial
BANK BENGKULU,commercial
bank BTN,commercial
bank; post_office,commercial
bank;arts_centre,commercial
bank;atm,commercial
bank;bar,commercial
bank;bench,commercial
bank;bicycle_parking,commercial
bank;cafe,commercial
bank;courthouse,commercial
bank;internet_cafe,commercial
bank;pharmacy,commercial
bank;post_box,commercial
bank;post_office,commercial
bank;restaurant,commercial
bank;shelter,commercial
bank;taxi,commercial
bank;university,commercial
banking_agent,commercial
banquet,commercial
banquet_hall,commercial
Banquet_Hall,commercial
banqueting,commercial
banqueting_suite,commercial
bar,commercial
Bar And Grill,commercial
bar and restaurant,commercial
bar association,commercial
"Bar, pub,",commercial
"bar,cafe",commercial
"bar,hookah_lounge",commercial
bar; cafe,commercial
bar; fast_food,commercial
bar; nightclub,commercial
bar; pub,commercial
bar; restaurant,commercial
bar;atm,commercial
bar;bistro,commercial
bar;brothel,commercial
bar;cafe,commercial
bar;cafe;pub,commercial
bar;cafe;pub;restaurant,commercial
bar;casino,commercial
bar;coworking_space,commercial
bar;fast_food,commercial
bar;hookah_lounge,commercial
bar;host_club,commercial
bar;ice_cream,commercial
bar;karaoke_box,commercial
bar;nightclub,commercial
bar;pharmacy,commercial
bar;pub,commercial
bar;pub;restaurant,commercial
bar;restaurant,commercial
bar;restaurant;post_office,commercial
bar;restaurant;pub,commercial
bar;restaurent,commercial
bar;restraunt,commercial
bar;training,commercial
bar;vending_machine,commercial
bar_closed,commercial
bar_lounge,commercial
baraha temple,commercial
barangay_outpost,commercial
barber,commercial
barber_school,commercial
barbershop,commercial
barefoot,commercial
barefootpath,commercial
barge,commercial
barn,commercial
barometer,commercial
barrel,commercial
barrier,commercial
barrow_rental,commercial
Base del taxi,commercial
basic_hut,commercial
basin,commercial
Basis school,commercial
basketball,commercial
bassin de retenue,commercial
bastra vandar,commercial
bath,commercial
Bath,commercial
bath_tub,commercial
bathhouse,commercial
bathing_cubicle,commercial
bathing_place,commercial
bathroom,commercial
bathroom and toilet,commercial
Bathroom Remodeler,commercial
Bathroom Remodeling,commercial
bathroom_furnishing,commercial
baths,commercial
batiment,commercial
BATIMENTS DU COURS,commercial
battery,commercial
battery_swap,commercial
Bbasuh Dobi,commercial
bbq,commercial
bbq;bench,commercial
bbq;shelter,commercial
bbq_school,commercial
bby,commercial
be,commercial
be<,commercial
beach,commercial
beach access,commercial
beach_cabin,commercial
beach_chair,commercial
beach_club,commercial
beach_security,commercial
beach_stand,commercial
Beach_wheelchair_rental,commercial
beachhut,commercial
beachhuts,commercial
beacon,commercial
bear_box,commercial
bear_cache,commercial
bear_locker,commercial
bear_wire,commercial
bearproof_storage,commercial
beauty,commercial
Beauty,commercial
beauty salon,commercial
beauty_clinic,commercial
beauty_salon,commercial
beauty_saloon,commercial
beauty_school,commercial
bech,commercial
bed,commercial
Bed and Resto,commercial
bedding,commercial
bee_hive,commercial
beehive,commercial
beehives,commercial
beehouse,commercial
beer,commercial
beer_garden,commercial
beershop,commercial
beeyard,commercial
beignetariat,commercial
bell,commercial
bell_tower,commercial
belltower,commercial
ben,commercial
bench,commercial
bench;bbq,commercial
bench;bicycle_parking,commercial
bench;cafe,commercial
bench;charging_station,commercial
bench;childcare,commercial
bench;deer_feeding,commercial
bench;device_charging_station,commercial
bench;drinking_water,commercial
bench;fountain,commercial
bench;lounger,commercial
bench;parking,commercial
bench;pharmacy,commercial
bench;place_of_worship,commercial
bench;restaurant,commercial
bench;shower,commercial
bench;table,commercial
bench;toilets,commercial
bench;vending_machine,commercial
bench;waste_basket,commercial
bench;waste_disposal,commercial
bench_with_table,commercial
benchavg,commercial
Beratungsdienst,commercial
Best Tattoo Vegas,commercial
betting,commercial
beverage,commercial
beverages,commercial
bicicleteria,commercial
bicycle,commercial
bicycle market,commercial
bicycle_airpump,commercial
bicycle_charging_station,commercial
bicycle_cleaning,commercial
bicycle_dirt jumping,commercial
bicycle_hire,commercial
bicycle_library,commercial
bicycle_parking,commercial
bicycle_parking; children & kids friendly; second-hand book exchange; communal kitchen; community garden; permaculture experiment site ; 樸門實驗基地,commercial
bicycle_parking; parking_entrance,commercial
bicycle_parking;bench,commercial
bicycle_parking;bicycle_rental,commercial
bicycle_parking;bicycle_repair_station;bicycle_rental,commercial
bicycle_parking;car_sharing,commercial
bicycle_parking;device_charging_station,commercial
bicycle_parking;motorcycle_parking,commercial
bicycle_parking;parking_space,commercial
bicycle_parking;restaurant,commercial
bicycle_parking;shelter,commercial
bicycle_parking;townhall,commercial
bicycle_parking;vending_machine,commercial
bicycle_parking;waste_basket,commercial
bicycle_pump,commercial
bicycle_pumping_station,commercial
bicycle_rapair_station,commercial
bicycle_rental,commercial
bicycle_rental; kayak_rental,commercial
bicycle_rental;bar,commercial
bicycle_rental;bıcycle_repair,commercial
bicycle_rental;cafe,commercial
bicycle_rental;kick-scooter_rental,commercial
bicycle_rental;left_luggage,commercial
bicycle_rental;place_of_worship,commercial
bicycle_rental;ski_rental;,commercial
bicycle_rental;toilets,commercial
bicycle_repair,commercial
bicycle_repair_station,commercial
bicycle_repair_station;bench,commercial
bicycle_repair_station;cafe,commercial
bicycle_sharing,commercial
bicycle_tire_inflator,commercial
bicycle_trailer_sharing,commercial
bicycle_training,commercial
bicycle_wash,commercial
bicycles,commercial
bidan,commercial
biergarten,commercial
biergarten;restaurant,commercial
bijouterie,commercial
bike park,commercial
bike parking,commercial
bike repair center,commercial
bike service,commercial
bike_guide,commercial
bike_parking,commercial
bike_rental,commercial
bikesharing_station,commercial
bill collection,commercial
billard,commercial
billboard,commercial
billboord,commercial
billiard,commercial
billiards,commercial
billyard,commercial
bin,commercial
bingo,commercial
bingo_hall,commercial
binoculars,commercial
binoscope,commercial
biokenticist,commercial
Bir Lehlou daira center,commercial
Bird table,commercial
bird_asylum,commercial
bird_bath,commercial
bird_feeding,commercial
bird_hide,commercial
bird_perrch,commercial
birdhouse,commercial
birds_nest,commercial
birthing_center,commercial
birthing_centre,commercial
bistro,commercial
Bistro,commercial
bistro soups and more,commercial
bitcoin_office,commercial
bizarr_studio,commercial
Black market,commercial
blackboard,commercial
blacksmith,commercial
bloc,commercial
Block production area,commercial
blocks industry,commercial
blokart_rental,commercial
blood_bank,commercial
Blood_bank,commercial
blood_donation,commercial
bn,commercial
bo,commercial
BOA,commercial
board,commercial
board_games_club,commercial
boarding_kennels,commercial
boarding_school,commercial
boat,commercial
boat charter,commercial
boat parking,commercial
boat yard,commercial
boat_cruise,commercial
boat_lift,commercial
boat_parking,commercial
boat_rental,commercial
boat_rental;cafe,commercial
boat_repair,commercial
boat_ride,commercial
boat_sales,commercial
boat_school,commercial
boat_sharing,commercial
boat_station,commercial
boat_storage,commercial
boat_terminal,commercial
boat_wash,commercial
boatbuilding,commercial
boathouse,commercial
bobbycar_rental,commercial
Bodaboda Stage,commercial
Body Sculpting,commercial
body shop,commercial
body_scale,commercial
bodytec,commercial
bog_waste_bin,commercial
Boite de boisson,commercial
Boite de recrutement,commercial
bollard,commercial
Bonifratrzy,commercial
book store,commercial
book_drop,commercial
book_drop_box,commercial
book_dropoff,commercial
book_exchange,commercial
book_rent,commercial
book_rental,commercial
book_return,commercial
book_return_box,commercial
bookbinders,commercial
bookcase,commercial
bookdrop,commercial
bookmaker,commercial
bookmobile,commercial
books,commercial
bookshop,commercial
bookstore,commercial
boos shop,commercial
boot_brush,commercial
boot_cleaner,commercial
boot_rental,commercial
boot_scraper,commercial
boot_wash,commercial
bootscrape,commercial
border control,commercial
border_control,commercial
border_guard,commercial
border_station,commercial
bording_kennels,commercial
both san felpw,commercial
Botox,commercial
bottle store,commercial
bottled_gas,commercial
boucherie,commercial
Boucherie-charcuterie,commercial
Boulangerie,commercial
boulangerie,commercial
boundary_stone,commercial
boutik entran agrikol,commercial
boutique,commercial
bowling,commercial
bowling_alley,commercial
bowls club,commercial
box_office,commercial
boxing,commercial
boxing gym,commercial
Boys hostel,commercial
brake_tester,commercial
branch,commercial
Brand Showroom,commercial
brea,commercial
bread,commercial
bread_machine,commercial
bread_oven,commercial
breakers_yard;car_repair,commercial
breakwater,commercial
breastfeeding_station,commercial
brewery,commercial
bridge,commercial
brine_filling_station,commercial
broadcasting,commercial
brodel,commercial
broker,commercial
brokerage,commercial
brokerages,commercial
brothal,commercial
brothel,commercial
brothel;school,commercial
brownland,commercial
brunnen,commercial
btm,commercial
bts,commercial
bu,commercial
Buca,commercial
bude,commercial
buggy_parking,commercial
buggy_rental,commercial
buiding_yard,commercial
builder and developer,commercial
builderstrinity_telecomms,commercial
building,commercial
Building Materials,commercial
building site,commercial
building society,commercial
building yard,commercial
building:residential,residential
building:shop,commercial
building:under construction,commercial
building_entrance,commercial
building_reception,commercial
building_society,commercial
building_yard,commercial
building=religious,commercial
buildings,commercial
bulding,commercial
bulletin_board,commercial
bum,commercial
bungalow,commercial
bungalow_park,commercial
bungee,commercial
bunk,commercial
bunker,commercial
bunker cereale,commercial
buoy,commercial
bup,commercial
bureau,commercial
bureau  pro-famille,commercial
bureau casec 1er section ravine normand,commercial
bureau casec(montagne la voute),commercial
bureau central peredo fondation d;appui pour le service du developpement de peredo,commercial
Bureau de Credit Agricol,commercial
bureau de Quartier,commercial
Bureau d'étude,commercial
bureau d'études,commercial
bureau hand for help,commercial
bureau la croix rouge de marigot,commercial
bureau_de_change,commercial
bureau_de_change;fast_food,commercial
bureau_de_change;gold,commercial
bureau_de_game,commercial
bureau_edh,commercial
burial_ground,commercial
bus,commercial
bus hire,commercial
bus park,commercial
Bus Stand,commercial
bus stop,commercial
bus_bay,commercial
bus_company,commercial
bus_depot,commercial
bus_garage,commercial
bus_parking,commercial
bus_platform,commercial
bus_rental,commercial
Bus_rental,commercial
bus_shelter,commercial
bus_stand,commercial
bus_station,commercial
bus_station;cafe,commercial
bus_station_masterskaya_podushki_odeyala,commercial
bus_stop,commercial
bus_wash,commercial
Bush Camping,commercial
business,commercial
Business,commercial
business center,commercial
Business Centre,commercial
Business centre,commercial
business_center,commercial
business_centre,commercial
business_incubator,commercial
business_park,commercial
business_service,commercial
bus-stop,commercial
butcher,commercial
butchery,commercial
c,commercial
C T C,commercial
c?,commercial
ca,commercial
Caballerizas,commercial
cabin,commercial
cabinet,commercial
cabinet médical,commercial
cabinet_maker,commercial
cabinetmaker,commercial
Cabinets,commercial
cable,commercial
cable_headend,commercial
cable_winch,commercial
cadet hut,commercial
cafe,commercial
café,commercial
Cafe & Deli,commercial
Cafe Restaurant,commercial
cafe tabac,commercial
"cafe, restaurant",commercial
cafe/restaurant,commercial
cafe:restaurant,commercial
cafe; bar,commercial
cafe; bar; restaurant,commercial
cafe; pub,commercial
cafe; restaurant,commercial
cafe; restaurant; bar,commercial
cafe;animal_shelter,commercial
cafe;atm,commercial
cafe;bakery,commercial
cafe;bank,commercial
cafe;bar,commercial
cafe;bar;restaurant,commercial
cafe;bar;wine_bar;deli,commercial
cafe;bench,commercial
cafe;bicycle_hire,commercial
cafe;bicycle_rental,commercial
cafe;bicycle_repair_station;charging_station,commercial
cafe;bistro,commercial
cafe;boat_sharing,commercial
cafe;casino,commercial
cafe;community_centre,commercial
cafe;coworking_space,commercial
cafe;deli,commercial
cafe;dentist,commercial
cafe;fast_food,commercial
cafe;fountain,commercial
cafe;fuel,commercial
cafe;gas,commercial
cafe;guest_house,commercial
cafe;hookah_lounge,commercial
cafe;hospital,commercial
cafe;ice_cream,commercial
cafe;interior_decoration;clothes,commercial
cafe;internet_cafe,commercial
cafe;juice_bar,commercial
cafe;marketplace,commercial
cafe;motorcycle_rental,commercial
cafe;nightclub,commercial
cafe;parking,commercial
cafe;pharmacy,commercial
cafe;pub,commercial
cafe;public_building,commercial
cafe;restaurant,commercial
cafe;restaurant;pub,commercial
cafe;toilets,commercial
cafe_cake,commercial
cafe_closed,commercial
cafe_university,commercial
cafe-bar,commercial
cafeteria,commercial
Cafétéria,commercial
cafetéria_belarbi,commercial
cafeteria_especial,commercial
caffee,commercial
CAI,commercial
caisse,commercial
caisse populaire avenir des cayes jacmel,commercial
cajkov,commercial
cake shop,commercial
calçado,commercial
call_centre,commercial
call_shop,commercial
caltex_station-atlag,commercial
camel_ride,commercial
camera,commercial
camera_obscura,commercial
caMERA_OBSCURA,commercial
camp,commercial
camp_site,commercial
camp_site;toilet,commercial
campaign_office,commercial
campfire,commercial
campground,commercial
Campgrounds In Lebanon Maine,commercial
camping,commercial
Camping Supplies,commercial
campsite,commercial
campus,commercial
Campus,commercial
Campus Building,commercial
campus_safety,commercial
canal,commercial
canal_services,commercial
canalization,commercial
canipot,commercial
cannabis,commercial
cannery,commercial
cannon,commercial
canoe rental,commercial
canoe_rental,commercial
canteen,commercial
cantina,commercial
caposaldo geodetico,commercial
car,commercial
car shows,commercial
car_assistance,commercial
car_detail,commercial
car_expert,commercial
car_hoover,commercial
car_leasing,commercial
car_per,commercial
car_pooling,commercial
car_ramp,commercial
car_rental,commercial
car_rental; bicycle_rental,commercial
car_rental; ship_rental,commercial
car_rental;bicycle_rental,commercial
car_rental;fuel,commercial
car_rental;parking;taxi,commercial
car_rental_return,commercial
car_sharing,commercial
car_tuning,commercial
car_vac,commercial
car_vacumcleaner,commercial
car_warming_plug,commercial
car_wash,commercial
car_wash; parking,commercial
car_wash;bus_station,commercial
car_wash;car_detail;oil_change,commercial
car_wash;car_repair,commercial
car_wash;kindergarten,commercial
car_wash;parking;vehicle_inspection,commercial
car_wash;townhall,commercial
car_wash;vacuum cleaner,commercial
car_wash;vehicle_inspection,commercial
car_water,commercial
car_window_washing_tools,commercial
caravan_rental,commercial
caravan_repair,commercial
caravan_storage,commercial
care_home,commercial
career_center,commercial
cargo,commercial
cargo transporter,commercial
cargo_bike_parking,commercial
cargobike_rental,commercial
carpenter,commercial
carpentry,commercial
Carpet Cleaning,commercial
carpet_beating_bar,commercial
carpet_hanger,commercial
carpet_locker,commercial
carpet_rack,commercial
carpet_wash,commercial
carpet_washing,commercial
carpetntry,commercial
carriage_rental,commercial
carriage_ride,commercial
carrier_bike,commercial
carrier_bike_parking,commercial
cars,commercial
cart,commercial
cart_return,commercial
carts,commercial
carwash,commercial
casa,residential
Casa de eventos,commercial
Casa de Visita,residential
Casal_d'Avis,residential
cash,commercial
cash_deposit,commercial
cashandcarry,commercial
casino,commercial
castel,commercial
Casting_Center,commercial
castle,commercial
Castle,commercial
casual carpoool pickup,commercial
cat_box,commercial
cat_place,commercial
cat_pound,commercial
cater,commercial
caterer,commercial
catering,commercial
Catering,commercial
cath,commercial
cat-place,commercial
cattery,commercial
cattery;cat_sanctuary,commercial
cattle dip,commercial
cattle_dip,commercial
cattle_market,commercial
cattle_wash,commercial
cattle_water,commercial
cazare: vila,commercial
CBO,commercial
cca,commercial
CCPD,commercial
cctv,commercial
CDMC Building,commercial
Cell service,commercial
cementworks,commercial
cemetary,commercial
cemetery,commercial
cendrier,commercial
"Cenera Bank,Sector 34-A",commercial
center,commercial
center for sustainable social development,commercial
central_kitchen,commercial
centre,commercial
centre anti tuberculose,commercial
Centre Chrétien,commercial
centre classique,commercial
Centre commercial,commercial
Centre de formation professionnelle,commercial
centre de prière,commercial
centre de santé sexuelle,commercial
centre fondation international lifeline haiti,commercial
Centre médical,commercial
centre senté,commercial
centre_medico_social,commercial
centre_technique,commercial
centro infantil buen vivir,commercial
centro social,commercial
Centrum ubezpieczeń,commercial
cereal mill,industrial
Cereals,commercial
chacoal hut,commercial
chain,commercial
chain_change_area,commercial
chair,commercial
chair_rental,commercial
chandler,commercial
chandlery,commercial
change_machine,commercial
changing_place,commercial
changing_room,commercial
chapel,commercial
Character_Meet_and_Greet,commercial
charcoal,commercial
Charcoal store,commercial
charge_point,commercial
charging center,commercial
charging zone,commercial
charging_point,commercial
charging_station,commercial
charging_station; bicycle_parking,commercial
charging_station;bicycle_repair_station,commercial
charging_station;device_charging_station,commercial
charing_station,commercial
charity,commercial
charity_donation,commercial
Chautaari,commercial
chautari,commercial
Chautari,commercial
chautaro,commercial
Chautaro,commercial
check post,commercial
check_cashing,commercial
check_in,commercial
checkin,commercial
check-in,commercial
check-in counter,commercial
checkout,commercial
checkpoint,commercial
cheese_factory,industrial
cheesery,commercial
chemical_store,commercial
chemist,commercial
chemist;pharmacy,commercial
Chemistry Dept,commercial
chemists,commercial
chenil,commercial
cheque_cashing,commercial
chess_room,commercial
chessboard,commercial
chest,commercial
chewing_gums,commercial
chicane,commercial
Chicken Farm,commercial
child_amusement_center,commercial
Child_play,commercial
child_services,commercial
childcare,commercial
Childcare,commercial
childcare/nursery,commercial
childcare;library,commercial
childcare_centre,commercial
childcare|nursery,commercial
childminder,commercial
children,commercial
Childrens Centre,commercial
children's home,commercial
childrens_aid_society,commercial
childrens_centre,commercial
childrens_home,commercial
children's_home,commercial
childrens_play_centre,commercial
chimney,commercial
Chinese_Medical_& Herb,commercial
chinese_medicine,commercial
chipseal,commercial
chiropodist,commercial
Chiropodist,commercial
chiropody,commercial
chiropractic,commercial
chiropractor,commercial
Chiropractor,commercial
Chiropractor Houston,commercial
chiropractor;massage;psychologist;physiotherapy,commercial
chocolate,commercial
chocolate;dessert;ice_cream,commercial
chocolate;ice_cream;dessert,commercial
chowk,commercial
christian_support,commercial
christmas_star,commercial
chuminp,commercial
church,commercial
Church,commercial
church office,commercial
church offices,commercial
church_hall,commercial
church_of_christ,commercial
churchbell,commercial
Cia de governância eletrônica de Salvador,commercial
cider farm,commercial
cidery,commercial
cigar_bar,commercial
cigar_lounge,commercial
cigarette_disposal,commercial
cigarettes,commercial
cimetiere,commercial
cimitir,commercial
Cincinnati Sell House,commercial
cinema,commercial
cinema all'aperto,commercial
cinema:porn,commercial
cinema; theatre,commercial
circle,commercial
circus,commercial
circus_school,commercial
cistern,commercial
cisterne,commercial
Cities Lighting Consultants,commercial
citizens_advice,commercial
citizens_advice_bureau,commercial
city gate,commercial
city_hall,commercial
City_Hall,commercial
civic,commercial
civic_building,commercial
civic_center,commercial
civic_centre,commercial
civic_org,commercial
Civil registery,commercial
civil_defence,commercial
civil_defence_facility_entrance,commercial
civil_guard,commercial
civil_protection,commercial
CLA,commercial
classes,commercial
classroom,commercial
cleaners,commercial
Cleaners,commercial
cleaning,commercial
Clearing Agent,commercial
cleiner,commercial
click and collect,commercial
climbing_gym,commercial
climbing_wall,commercial
clinc,commercial
clince,commercial
clinic,commercial
"clinic, health_post",commercial
clinic/hospital/pharmacy,commercial
clinic;doctors,commercial
clinic;doctors;audiologist,commercial
clinic;doctors;dentist,commercial
clinic;doctors;dentist;audiologist,commercial
clinic;hospital,commercial
clinic;pharmacy,commercial
clinic_hair,commercial
clinical_laboratory,commercial
cloakroom,commercial
clock,commercial
clock_post,commercial
clock_tower,commercial
clockmaker,commercial
closed,commercial
closed:bank,commercial
closed:restaurant,commercial
closed_clinic,commercial
closed_place_of_worship,commercial
closed_pub,commercial
closed_restaurant,commercial
closet,commercial
cloth,commercial
clothes,commercial
clothes_donation,commercial
clothes_dryer,commercial
clothes_fixing,commercial
clothes_recycling,commercial
clothes_repair,commercial
clothes_washing,commercial
clothing,commercial
clothing cleaners,commercial
clothing_donation,commercial
cloths,commercial
club,commercial
club Gym 141,commercial
club;bar;music_venue,commercial
club;restaurant,commercial
club_home,commercial
clube,commercial
clubhouse,commercial
co operative,commercial
coach_rental,commercial
coaching,commercial
coaching_centre,commercial
Coal Yard,commercial
coal_chute,commercial
coast guard,commercial
coast_guard,commercial
coast_radar_station,commercial
coastal_radio_station,commercial
coastguard_radio_station,commercial
cobbler,commercial
cockfighting house,commercial
coding_school,commercial
coffe,commercial
coffee,commercial
coffee lounge,commercial
coffee_shop,commercial
coffee_stand,commercial
coiffure,commercial
Coiffure,commercial
coin_locker,commercial
colchones,commercial
cold_storage,commercial
cold_store_rental,commercial
Coldstorage,commercial
Colegio,commercial
Coliseum,commercial
Collection point,commercial
collection_box,commercial
collection_point,commercial
college,commercial
College,commercial
college;fountain,commercial
college;school,commercial
college;university,commercial
college;vehicle_inspection,commercial
colllege library,commercial
colony,commercial
colony residents,commercial
columbarium,commercial
Columbia Park East Boat Ramp,commercial
column,commercial
Combustível,commercial
comedy,commercial
Comfort Shoe Store,commercial
commemoration,commercial
Commerce,commercial
commercial,commercial
Commercial,commercial
commercial and residential (mixed use),residential
Commercial Printer,commercial
Commercial;Bar,commercial
commercial;residential,residential
commercial_Signs,commercial
Commission agent,commercial
common,commercial
common_area,commercial
Commuity Building,commercial
communal_cooking_area,commercial
communication,commercial
communications,commercial
communications_tower,commercial
community,commercial
community building,commercial
Community Building,commercial
Community Development,commercial
community House,commercial
community_centre,commercial
community_centre:for=child;juvenile,commercial
community_centre; workshop,commercial
community_centre;bench,commercial
community_centre;cafe,commercial
community_centre;cinema,commercial
community_centre;drinking_water,commercial
community_centre;nursing_home,commercial
community_centre;preschool,commercial
community_centre;restaurant,commercial
community_centre;social_facility,commercial
community_centre;theatre,commercial
community_centre;toilets,commercial
community_centre;toy_library,commercial
community_cinema,commercial
community_farm,commercial
community_hall,commercial
community_health_center,commercial
community_house,commercial
community_information_kiosk,commercial
community_kitchen,commercial
community_library,commercial
community_project,commercial
communnity_center,commercial
compacted,commercial
Companies,commercial
company,commercial
COMPANY,commercial
company_office,commercial
complexe scolaire,commercial
compost,commercial
compost_site,commercial
composting,commercial
Composting,commercial
compressed gas cylinders,commercial
compressed_air,commercial
compressed_air;parking,commercial
compressed_air;vacuum_cleaner,commercial
computer,commercial
computer school,commercial
computer_club,commercial
computer_cluster,commercial
computer_games,commercial
computer_lab,commercial
computer_recycling_company,commercial
computer_rental,commercial
computer_school,commercial
comunity_centre,commercial
concept_cafe,commercial
ConceptCafe,commercial
concert,commercial
concert_hall,commercial
concert_hall;bar,commercial
concert_hall;community_centre,commercial
concesionario,commercial
concession_stand,commercial
concessions_stand,commercial
Concrete Contractor,commercial
Concrete Paving,commercial
condo,commercial
Condominium complex,commercial
condominiums,commercial
confectionary,commercial
confectionery,commercial
conference,commercial
conference center,commercial
conference centre place of worship,commercial
conference_center,commercial
conference_centre,commercial
conference_hall,commercial
conference_venue,commercial
confic,commercial
congress_center,commercial
conmmunity_building,commercial
connection,commercial
conservatory,commercial
consignes,commercial
consignment store for equestrians,commercial
construction,commercial
construction:fast_food,commercial
construction_machinery_rental,commercial
construction_yard,commercial
consultation_hub,commercial
consulting,commercial
consulting_engineers,commercial
consumer_services_centre,commercial
contemporary_art_gallery,commercial
contor,commercial
Contractors,commercial
control_box,commercial
conv,commercial
conveneince_store,commercial
convenience,commercial
convenience_store,commercial
convent,commercial
convention centre,commercial
convention store,commercial
convention_center,commercial
convention_centre,commercial
Convention_centre,commercial
convinience_store,commercial
cook_stove,commercial
cook_stove;toilets,commercial
cookery_school,commercial
cooking,commercial
cooking studio,commercial
cooking_school,commercial
cooking_workshop,commercial
cooperative,commercial
Cooperative,commercial
COOPERATIVE,commercial
copy,commercial
copy_machine,commercial
copyshop,commercial
copystamp,commercial
Cornouiller à grandes fleurs,commercial
Corporate Media Men Advertising Ltd,commercial
corral,commercial
cosme,commercial
cosmetic,commercial
Cosmetic,commercial
cosmetic_studio,commercial
cosmetic_surgeon,commercial
cosmetic_surgery,commercial
cosmetician,commercial
cosmetics,commercial
cosmetology_school,commercial
Cottages,commercial
cotton suppliers,commercial
couching_school,commercial
council_chambers,commercial
council_offices,commercial
counseling_services,commercial
counselling,commercial
counselling_bureau,commercial
counselling_centre,commercial
Counsellors,commercial
Counselor,commercial
Countertops,commercial
country_club,commercial
county_hall,commercial
Couples Counseling,commercial
Coupons,commercial
courier,commercial
Courier,commercial
course_centre,commercial
court,commercial
court_reporter,commercial
courthouse,commercial
courthouse;library,commercial
courthouse;police,commercial
courthouse;post-office,commercial
couture,commercial
Couture,commercial
cow_tank,commercial
coworking,commercial
coworking_place,commercial
coworking_space,commercial
coworking_space;community_centre,commercial
coworking_space;daycare,commercial
coworking-space,commercial
cpa,commercial
cpr_training,commercial
craft,commercial
cram_school,commercial
cramming_school,commercial
cramschool,commercial
cram-school,commercial
crane,commercial
crane_rental,commercial
cratch,commercial
crater,commercial
creamery,commercial
Creamery,commercial
Creche,commercial
credit,commercial
credit_card_company,commercial
credit_institution,commercial
credit_union,commercial
cremation,commercial
crematorium,commercial
cremetorium,commercial
Crescent Point Energy,commercial
Cresent Point Energy,commercial
Cricket Ground Town Ship,commercial
cro,commercial
CRO,commercial
Crocodile Hatchery,commercial
cross,commercial
crothel,commercial
crsses and down hider lane,commercial
crucifix,commercial
cruise_terminal,commercial
cruiser_terminal,commercial
cruising_area,commercial
Cryogenic Services,commercial
crypt,commercial
csc,commercial
cscom,commercial
CT Scan Imaging Near Me,commercial
ctc,commercial
cubby_house,commercial
cubbyhouse,commercial
cuisine,commercial
cuisine et pâtisserie,commercial
cultural center,commercial
Cultural Center,commercial
cultural centre,commercial
Cultural Centre,commercial
cultural place,commercial
cultural_association,commercial
cultural_centre,commercial
cultural_heritage,commercial
cultural_institution,commercial
cultural_management,commercial
culture,commercial
Culture and Art Center,commercial
culture_center,commercial
culture_centre,commercial
culturel,commercial
curb,commercial
curier intern&international,commercial
currency_exchange,commercial
Curso de Idiomas,commercial
custom,commercial
Custom T Shirts,commercial
customer_care_center,commercial
customer_pick_up,commercial
customer_service,commercial
customer_services,commercial
customs,commercial
customs_agency,commercial
customs_brokers,commercial
cvjm,commercial
cyber_cafe,commercial
cyclepark,commercial
dairy,commercial
dairy farm,commercial
dam,commercial
Dam,commercial
dance,commercial
dance_hall,commercial
dance_school,commercial
dancing school,commercial
dancing_school,commercial
dancing_studio,commercial
danger illegal activity,commercial
danger junkie yard,commercial
danger_dog,commercial
dark_kitchen,commercial
dark-kitchen,commercial
"Darling Harbour, Aquarium Wharf",commercial
data_centre,commercial
data_room,commercial
datacenter,commercial
datri/midwife,commercial
day_care,commercial
day_centre,commercial
day_use,commercial
daycare,commercial
daymark,commercial
DE: Gasleitungsbeschilderung; US:signposting of gas pipeline,industrial
de:Bauwagen,commercial
de:bauwagen,commercial
de:Personalservice,commercial
dead_post_office,commercial
dead_pub,commercial
deaddrop,commercial
death_care,commercial
Debt Counselling,commercial
dechets,commercial
Deck Repair,commercial
decontamination_station,commercial
decorations,commercial
decoretion,commercial
deer_blind,commercial
deer_feeding,commercial
deere_feeding,commercial
def,commercial
defensa civil,commercial
Defense Attorney,commercial
defibrillator,commercial
del,commercial
Delegación Municipal Agustin Ferrari,commercial
deli,commercial
delicatessen,commercial
deliveries,commercial
delivery,commercial
"delivery,_transport,_spedition",commercial
delivery_depot,commercial
delivery_locker,commercial
delivery_office,commercial
dell,commercial
Della Herman Theater,commercial
demand_stop_button,commercial
demi_water,commercial
demolished:charging_station,commercial
demolished:restaurant,commercial
den],commercial
dental,commercial
dental clinic,commercial
dental_hygienist,commercial
Dentalservice,commercial
dentist,commercial
dentist;doctor,commercial
dentist;doctors,commercial
dentist;doctors;audiologist,commercial
dentist;hospital,commercial
dentist;hygienist,commercial
dentist;training,commercial
dentures,commercial
department,commercial
department store,commercial
departure_board,commercial
departure_times,commercial
departures_board,commercial
deposit,commercial
deposit_sale,commercial
Deposito,commercial
deposito de bebidas,commercial
depository,commercial
depot,commercial
dépôt de ciment,commercial
Dépôt de Ciment,commercial
DÉPÔT SOBEBRA,commercial
Depozit anvelope,commercial
Dept,commercial
Derechos Humanos,commercial
dermatologist,commercial
desert,commercial
design,commercial
design_school,commercial
designer,commercial
desiners,commercial
desk,commercial
DESTAFRONT_211,commercial
destillery,commercial
destination_sign,commercial
detective,commercial
detective_agency,commercial
detention_centre,commercial
device charging station,commercial
device_charging_point,commercial
device_charging_station,commercial
device_charing_station,commercial
dgumg cache,commercial
dhobi_ghat,commercial
dia_viewer,commercial
diagnostic,commercial
Diagnostic Center,commercial
Diagnostic Centre,commercial
diagnostic_center,commercial
diagnostic_centre,commercial
diagnostics,commercial
diakonie katastrophenhilfe,commercial
dialyse,commercial
dialysis centre,commercial
diaper,commercial
diaper_changing_table,commercial
Diego Hurtado de Mendoza,commercial
diesel shop,commercial
dietician,commercial
diff,commercial
different,commercial
Digital Marketing,commercial
Digital Marketing Edmonton,commercial
dining hall/dorms,commercial
dining_area,commercial
dining_hall,commercial
dining_room,commercial
direct_sales,commercial
direction general des impots_agence locale des cayes jacmel,commercial
disability_support,commercial
disco,commercial
Disco_bar,commercial
discounter,commercial
Discovering Fen Bog,commercial
dish,commercial
dish_cleaning,commercial
dish_wash,commercial
dish_washing,commercial
dishwasher,commercial
disinfestation,commercial
dispatch_center,commercial
dispensaire,commercial
dispensary,commercial
Dispensary,commercial
dispenser,commercial
dispensery,commercial
Distance Education,commercial
distillery,commercial
distribuidora_de_gas,commercial
distribution,commercial
distribution_center,commercial
district hospital,commercial
disuse,commercial
disused,commercial
disused: post_office,commercial
disused: restaurant,commercial
disused:amenity,commercial
disused:atm,commercial
disused:bank,commercial
disused:bar,commercial
disused:cafe,commercial
disused:charging_station,commercial
disused:doctors,commercial
disused:drinking_water,commercial
disused:fast_food,commercial
disused:fuel,commercial
disused:parking,commercial
disused:pharmacy,commercial
disused:pub,commercial
disused:restaurant,commercial
disused:school,commercial
disused:telephone,commercial
disused:toilets,commercial
disused:vending_machine,commercial
disused_ferry_terminal,commercial
disused_hunting_stand,commercial
disused_post_box,commercial
disused_prison,commercial
disused_pub,commercial
dive_centre,commercial
"dive_centre,restaurant",commercial
dive_site,commercial
diving_board,commercial
diving_club,commercial
diving_school,commercial
diy,commercial
DIY_art,commercial
DJ Services,commercial
dj_table,commercial
djawharat ennour,commercial
dmv,commercial
doc,commercial
dock_roller,commercial
doctor,commercial
doctors,commercial
doctors; pharmacy,commercial
doctors;audiologist,commercial
doctors;bench,commercial
doctors;clinic,commercial
doctors;clinic;audiologist,commercial
doctors;clinic;hospital,commercial
doctors;dentist,commercial
doctors;hospital,commercial
doctors;pharmacy,commercial
doctors;social_facility,commercial
dog minding,commercial
dog waste bin,commercial
dog_,commercial
dog_agility_obstacle,commercial
dog_asylum,commercial
dog_care,commercial
dog_day_care,commercial
dog_excrement,commercial
dog_groomer,commercial
dog_grooming,commercial
dog_litter_box,commercial
dog_off_leash,commercial
dog_parking,commercial
dog_poo_post,commercial
dog_poop_bags,commercial
dog_relief_area,commercial
dog_run,commercial
dog_school,commercial
dog_shop,commercial
dog_shower,commercial
dog_station,commercial
dog_swimming,commercial
dog_toilet,commercial
dog_toilets,commercial
dog_training,commercial
dog_walking,commercial
dog_wash,commercial
dog_washing,commercial
dog_waste,commercial
dog_waste_bag_dispencer,commercial
dog_waste_bags,commercial
dog_waste_basket,commercial
dog_waste_station,commercial
doggie_bags,commercial
dogwaste_basket,commercial
doityourself,commercial
dojo,commercial
dollar store,commercial
domiciliary_care,commercial
donation,commercial
Donation Center,commercial
donation_bin,commercial
donation_box,commercial
donation_dropoff_location,commercial
donations_box,commercial
donkey_parking,commercial
donuts,commercial
doorbell,commercial
dorm,commercial
dormitory,commercial
dorms,commercial
dortory,commercial
douches,commercial
Dovan,commercial
dovecote,commercial
downhill,commercial
drainage path point,commercial
draisine_rental,commercial
drawing_school,commercial
dress showrrom,commercial
dressage,commercial
dressing_room,commercial
dressing_room;toilets,commercial
dressmaker,commercial
dressmaking_atelier,commercial
drilling,commercial
Drinking Water Facility,commercial
drinking_trough,commercial
drinking_water,commercial
drinking_water; water_point; sanitary_dump_station,commercial
drinking_water; watering_place,commercial
drinking_water;atm;toilets;food_court,commercial
drinking_water;bench,commercial
drinking_water;bicycle_repair_station,commercial
drinking_water;lavoir,commercial
drinking_water;parking_space,commercial
drinking_water;pharmacy,commercial
drinking_water;post_box,commercial
drinking_water;school,commercial
drinking_water;telephone,commercial
drinking_water;toilet,commercial
drinking_water;waste_disposal,commercial
drinking_water;waste_disposal;toilet,commercial
drinking_water;watering_place,commercial
drinks,commercial
drive_in,commercial
driver_examinations,commercial
driver_license,commercial
driver_school,commercial
driver_test,commercial
driver_test_commercial,commercial
driver_training,commercial
driver_traning,commercial
driving_range,commercial
driving_school,commercial
driving_school;training,commercial
driving_test_centre,commercial
drn,commercial
Drogowskaz,commercial
Drogueria,commercial
drop off point,commercial
drop_box,commercial
drop_zone,commercial
dropbox,commercial
dropzone,commercial
Drug & Alcohol Rehabs New Jersey,commercial
Drug shop,commercial
drug_shop,commercial
drugshop,commercial
drugstore,commercial
drummed fuel,commercial
dry_cleaner,commercial
dry_cleaners,commercial
dryer,commercial
drying_room,commercial
dslam,commercial
duck_decoy,commercial
dump,commercial
dump_station,commercial
Dumping,commercial
dumpster,commercial
Dunham River Rest Area`,commercial
dustbin,commercial
duty_doctor,commercial
DVLA,commercial
e_scooter_parking,commercial
easter_fire,commercial
eating_area,commercial
Eau,commercial
eau brute,commercial
eau pour laver les mains,commercial
eau_brute,commercial
e-bike ladestation,commercial
ebsuinesslotse,commercial
ebusinesslotse,commercial
e-cigarette,commercial
école primaire,commercial
Ecole professionnele,commercial
economic_development_agency,commercial
Eczane,commercial
Ederly Residence,commercial
Edgar Flat 1,residential
edgde of path,commercial
editor,commercial
Edmondson Hall,commercial
edu,commercial
education,commercial
Education organization,commercial
education support,commercial
education_centre,commercial
educational,commercial
educational institution,commercial
Educational Institution,commercial
educational_facility,commercial
educational_farm,commercial
educational_institution,commercial
edutainment,commercial
Eglise,commercial
église,commercial
ÉGLISE,commercial
eha_hospital,commercial
Ejercito,commercial
El Retiro,commercial
Election Commission Office,commercial
Electonics,commercial
electorate_office,commercial
electric,commercial
electric bike hire,commercial
electric tower,commercial
electric_kick_scooter_parking,commercial
electric_push_scooter_parking,commercial
electric_scooter_parking,commercial
electric_socket,commercial
electrical,commercial
electrical contractor,commercial
electrical_installation,commercial
electrician,commercial
electricite,commercial
electricity,commercial
Electricity technician hut,commercial
Electricity Transmission Tower,commercial
electronic money transfer agent,commercial
electronic_repair,commercial
electronic_sign,commercial
electronics,commercial
Electronics Engineering,commercial
electronics_repair,commercial
eletronics_fix,commercial
elevator,commercial
elevator parking,commercial
elevator_repair,commercial
Elitex Lagerverkauf,commercial
Elkarte teknologikoa,commercial
em,commercial
embassy,commercial
emer,commercial
emergency office,commercial
emergency room;dentist,commercial
emergency_access_point,commercial
emergency_department,commercial
emergency_exit,commercial
emergency_help_point,commercial
emergency_marker,commercial
emergency_room,commercial
emergency_service,commercial
emergency_shelter,commercial
emergency_shutoff_button,commercial
emergency_station,commercial
Emergeny Base Logistics,commercial
emissions,commercial
emissions_testing,commercial
empl,commercial
employment,commercial
employment_agency,commercial
employment_automatic_terminal,commercial
employment_services,commercial
empresa,commercial
empty,commercial
ems_station,commercial
end right,commercial
energy_point,commercial
enforcement,commercial
enforcment,commercial
engineer,commercial
engineering,commercial
ENGINEERING COLLEGE,commercial
engineering_office,commercial
english school,commercial
english_school,commercial
Enseignement pré scolaire,commercial
Enseignement secondaire,commercial
entertainment,commercial
Entertainment,commercial
Entertainment agency,commercial
entertainment_center,commercial
enthodontics,commercial
entrance,commercial
entreprises funeraires,commercial
epicerie,commercial
equestrian,commercial
equestrian_school,commercial
equestrian_staging,commercial
Equipment,commercial
Equipment Rental Agency,commercial
equipment_exchange,commercial
equipment_rental,commercial
erem,commercial
ergotherapist,commercial
erotic,commercial
escape,commercial
escape_game,commercial
escape_room,commercial
escooter_parking,commercial
e-scooter_parking,commercial
escooter_rental,commercial
Escuela,commercial
escuela,commercial
Estacion de taxis,commercial
estage_agent,commercial
e-stamp,commercial
estate agent,commercial
estate_agency,commercial
estate_agent,commercial
esteticien,commercial
estofador,commercial
Estofadora,commercial
Estudio de Ingeniería FMB,commercial
Etablissements sanitaires public,commercial
ethiopathe,commercial
European_Documentation_Centre,commercial
ev,commercial
Evacuation Space,commercial
event,commercial
event_center,commercial
event_location,commercial
event_planning,commercial
event_rental,commercial
event_space,commercial
event_venue,commercial
eventlocation,commercial
events,commercial
events_centre,commercial
events_hall,commercial
events_house,commercial
events_organizer,commercial
events_place,commercial
events_planner,commercial
events_venue,commercial
events_venue; archive,commercial
events_venue;conference_centre,commercial
events_venue;culinary_school,commercial
events_venue;karaoke,commercial
events_venue;music_venue,commercial
EVSE,commercial
E-waste Disposal,commercial
ex fuel,commercial
ex school,commercial
ex_fuel,commercial
Excavating Contractor,commercial
Excavation Contractors,commercial
excavator_rental,commercial
exchange,commercial
excrement_bags,commercial
exercise,commercial
exercise_area,commercial
exercise_centre,commercial
exercise_equipment,commercial
exercise_point,commercial
exhibition,commercial
exhibition_centre,commercial
exhibition_hall,commercial
exibition_hall,commercial
experimental_plant,commercial
exterminator,commercial
external_dslam,commercial
extra_tuition,commercial
extremend,commercial
Eye Clinic,commercial
eyelashes,commercial
f,commercial
fab_lab,commercial
fablab,commercial
fabric,industrial
fabric_cleaning,commercial
fabrik,industrial
facility that show sport games,commercial
facility_management,commercial
fact,commercial
factor_box,commercial
factory,industrial
Factory,industrial
factory COBEKI,industrial
faculty,commercial
fair_ground,commercial
fair_share_point,commercial
fair_trade,commercial
fairground,commercial
fairgrounds,commercial
fairteiler,commercial
Family Health Clinic,commercial
Family Law Attorney,commercial
Family Therapy,commercial
family_centre,commercial
family_planning,commercial
fancy,commercial
farm,commercial
Farm,commercial
Farm House,residential
farm_equipment,commercial
farm_house,commercial
farm_irrigation_tap,commercial
farm_stand,commercial
farmers_market,commercial
farnichdr,commercial
fashion,commercial
Fast Forward Training,commercial
fast_food,commercial
fast_food/Bar,commercial
fast_food/restaurant/cafe,commercial
fast_food;bakery,commercial
fast_food;bank,commercial
fast_food;bar,commercial
fast_food;bicycle_parking,commercial
fast_food;cafe,commercial
fast_food;college,commercial
fast_food;dentist;hospital,commercial
fast_food;fountain,commercial
fast_food;ice_cream,commercial
fast_food;kiosk,commercial
fast_food;library,commercial
fast_food;mobile_money_agent,commercial
fast_food;parking,commercial
fast_food;place_of_worship,commercial
fast_food;pub;bar,commercial
fast_food;restaurant,commercial
fast_food;toilets,commercial
fast_food_pizza,commercial
fastfood,commercial
federation,commercial
feding_place,commercial
fee_station,commercial
feeder,commercial
feedin_place,commercial
feeding,commercial
feeding place,commercial
feeding_palce,commercial
feeding_place,commercial
feeding_point,commercial
feeding_rack,commercial
feedinp_place,commercial
Feldgrotte,commercial
Fence Company,commercial
ferme,commercial
ferr,commercial
ferreteria,commercial
ferris_wheel,commercial
ferry_depot,commercial
ferry_pier,commercial
ferry_stop,commercial
ferry_terminal,commercial
ferry_terminal;bus_station,commercial
ferry_terminal;taxi,commercial
ferry_ticket,commercial
ferry_to marienburgh,commercial
ferry_tourist,commercial
ferry_waiting_room,commercial
feste,commercial
festival_grounds,commercial
festplatz,commercial
Feuermelder,commercial
field goal post,commercial
Fighting coq,commercial
film_studio,commercial
Filmproduktion,commercial
filter_plant,commercial
finance,commercial
finance_agent,commercial
financial,commercial
FINANCIAL CENTER,commercial
Financial Services,commercial
financial_advice,commercial
financial_advice:investment_adviser=yes,commercial
financial_advisers,commercial
financial_advisor,commercial
financial_group,commercial
financial_institution,commercial
financial_service,commercial
financial_service_provider,commercial
financial_services,commercial
financiëen,commercial
fingerprint_service,commercial
fire,commercial
fire pit,commercial
fire_alarm,commercial
fire_alarm_box,commercial
fire_alarm_centre,commercial
fire_beater,commercial
fire_brigade_entrance,commercial
fire_hose,commercial
fire_pit,commercial
fire_place,commercial
fire_plug,commercial
fire_station,commercial
fire_station:chpo,commercial
fire_station:dpo,commercial
fire_station:type,commercial
fire_station;ambulance_station,commercial
fire_station;police,commercial
fire_station;restaurant,commercial
fire_station;restaurant;cafe,commercial
fire_station;school,commercial
firefighting_outfitter,commercial
firepit,commercial
fireplace,commercial
fireplug,commercial
firewood,commercial
firma,commercial
first_aid,commercial
first_aid_school,commercial
firstaid,commercial
fisching,commercial
Fischzucht,commercial
fish,commercial
fish farm,commercial
fish tacos,commercial
fish_breeding,commercial
fish_cleaning,commercial
fish_harbour,commercial
fish_hatchery,commercial
fish_spa,commercial
fishery,commercial
fishing,commercial
Fishing Charters,commercial
Fishing Hole,commercial
fishing_center,commercial
fishing_port,commercial
fishmonger,commercial
fisioterapeuta,commercial
fisioteràpia,commercial
Fix And Flip Loan,commercial
fix:cinema,commercial
fixed_base_operator,commercial
fixme,commercial
FIXME,commercial
flag,commercial
flag_pole,commercial
flag_retirement_box,commercial
flagpole,commercial
flame,commercial
flare,commercial
Flexibus-Haltestelle,commercial
flight,commercial
Flight School,commercial
flight school,commercial
flight_attendant,commercial
flight_school,commercial
flight_simulator,commercial
flood warning sign,commercial
flood_light,commercial
Flooring Contractor,commercial
Flooring Store,commercial
florist,commercial
floron,commercial
flour_mill,industrial
flower,commercial
flower_containers,commercial
flower_planter,commercial
flowerpot,commercial
flyer_box,commercial
flying_school,commercial
fm station,commercial
FM station,commercial
fob_pickup,commercial
fodder_rack,commercial
folkpark,commercial
fondation,commercial
font,commercial
fontana,commercial
Fontanile,commercial
fonte_de_água,commercial
food,commercial
food center,commercial
Food quality check,commercial
food_bank,commercial
food_basket,commercial
food_box,commercial
food_cache,commercial
food_collection,commercial
food_court,commercial
food_court;bar,commercial
Food_Court_-_Forum_Mall,commercial
food_hall,commercial
food_locker,commercial
food_pole,commercial
food_sharing,commercial
food_storage,commercial
food_truck,commercial
foot_care,commercial
foot_reflexology,commercial
foot_shower,commercial
football club,commercial
footbrush,commercial
footwear,commercial
ford,commercial
foreign_language,commercial
foreign_languages,commercial
forest,commercial
forest_warden_office,commercial
forester_lodge,commercial
foresthouse,commercial
forestry,commercial
forestry_office,commercial
Formación Program Acces,commercial
former hospital,commercial
former place,commercial
former:toilets,commercial
former_fast_food,commercial
former_fuel,commercial
former_police,commercial
former_pub,commercial
former_school,commercial
former_telephone,commercial
formerly_cafe,commercial
fortune_teller,commercial
fortune_telling,commercial
foster_care,commercial
foto,commercial
found,commercial
foundation,commercial
Foundry,commercial
fountain,commercial
fountain;bench,commercial
fountain;drinking_water,commercial
fountain;lavoir,commercial
fountain;waste_basket,commercial
fountain;watering_place,commercial
FRANCISCO VILLA,residential
fraternity,commercial
free family planning,commercial
free_clinic,commercial
free_shows,commercial
Freemasonry,commercial
freeshop,commercial
freezone,commercial
fresh house,commercial
fridge,commercial
friendly chinese manager will sell individual 1x2 beams,commercial
Friendly Seven-Eleven,commercial
frigorífico,commercial
friture,commercial
froyo,commercial
fruit transformes patisserie,commercial
fruits,commercial
fruteria,commercial
fuel,commercial
Fuel Management Systems,commercial
Fuel Oil Distributor,commercial
"fuel, free air",commercial
fuel; compressed_air,commercial
fuel;atm,commercial
fuel;cafe,commercial
fuel;car_wash,commercial
fuel;charging_station,commercial
fuel;compressed_air,commercial
fuel;convenience store,commercial
fuel;fast_food,commercial
fuel;post_office,commercial
fuel;restaurant,commercial
fuel;toilets,commercial
fuel_column,commercial
fuel_on_repair,commercial
fuel_pump,commercial
fuente de soda,commercial
fufu bar,commercial
Fufu Bar,commercial
fufu_bar,commercial
function hall,commercial
function room,commercial
function_hall,commercial
function_room,commercial
function_rooms,commercial
fund,commercial
Fundacion,commercial
Fundfahrräder,commercial
funeral,commercial
funeral_directors,commercial
funeral_hall,commercial
funeral_home,commercial
funeral_parlour,commercial
funerary,commercial
furniture,commercial
Furniture Maker,commercial
Furniture Repair,commercial
furniture_rental,commercial
Furra e bukes,commercial
futsal,commercial
fx_station,commercial
fysiotherapeut,commercial
Fysiotherapie,commercial
gaging station,commercial
galeria,commercial
galerie,commercial
gallery,commercial
gamble,commercial
gambling,commercial
gambling;cafe,commercial
gambling;restaurant,commercial
gambling_hall,commercial
game,commercial
Game farm,commercial
game feeding,commercial
game_arcade,commercial
game_feed,commercial
game_feeder,commercial
game_feeding,commercial
game_feeding;shelter,commercial
game_place,commercial
game_room,commercial
game-feeding,commercial
games,commercial
gaming,commercial
gaming club,commercial
gaming_centre,commercial
gaming_space,commercial
gamingzone,commercial
gantry,commercial
garage,commercial
Garage,commercial
garage auto,commercial
Garage auto,commercial
Garage Door,commercial
Garage Doors,commercial
garage_door,commercial
garages,commercial
Garba,commercial
garbage,commercial
garbage collection,commercial
Garbage Collection Units,commercial
garbage place,commercial
garbage_can,commercial
garden,commercial
garden_bed,commercial
garden_center,commercial
gardens,commercial
Gardens,commercial
Gare,commercial
garments manufacturing,commercial
gas,industrial
Gas,industrial
gas cylinder BP,industrial
gas installation,industrial
gas pressure control & distribution station,industrial
gas station,commercial
gas_cabinet,commercial
gas_cylinder_testing,commercial
gas_pump,industrial
gas_substation,commercial
gasoline,industrial
gate,commercial
Gaz,commercial
gazebo,commercial
Gece Kulübü,commercial
Gendarmerie,commercial
general,commercial
General,commercial
general supply investment,commercial
General trade mini gallery,commercial
genset,commercial
geodesic_mark,commercial
geodetic_fixpoint,commercial
Geologischer Lehrpfad,commercial
geology Dept,commercial
George Flat,residential
Georgia DNR Station,commercial
geoscope,commercial
Geosito,commercial
Gereja,commercial
geriatrics,commercial
ghost_kitchen,commercial
gift,commercial
Girls hostel,commercial
gite,commercial
give_box,commercial
giving_box,commercial
glass,commercial
Glass/Metall,commercial
glasshouse,commercial
glaziery,commercial
glove_dispenser,commercial
Gminny Ośrodek Kultury w Blizanowie,commercial
goal,commercial
Godown,commercial
godown,commercial
gold shop,commercial
gold_exchange,commercial
golf cart rental,commercial
golf_bag_storage,commercial
golf_cart_rental,commercial
Gomería,commercial
gotherment,commercial
goverment,commercial
goverment_building,commercial
goverment_service,commercial
governament,commercial
government,commercial
Government,commercial
Government Agency,commercial
government_agency,commercial
government_department,commercial
government_place,commercial
grade_school,commercial
graffiti_wall,commercial
Grand_Old_Hatchery,commercial
grandstand,commercial
Granite Construction,commercial
Granja de Acuicultura,commercial
graphic_design,commercial
grass,commercial
grass_verge,commercial
grave,commercial
Grave,commercial
grave_yard,commercial
grave_yard;place_of_worship,commercial
gravel,commercial
Grayton Beach State Park Entrance,commercial
Green Hills Gate,commercial
green_bag_pickup,commercial
green_grocer,commercial
green_market,commercial
green_roof,commercial
greenfield,commercial
greengrocer,commercial
greenhouse,commercial
Grendehus,commercial
grill,commercial
"Grill, Cebab",commercial
grinder,commercial
grinding,commercial
grinding_machine,commercial
grinding_mill,industrial
grit_bin,commercial
grit_bin;bench,commercial
grit_tower,commercial
Griya Bandung Indah,commercial
grocery,commercial
grocery_store,commercial
grotto,commercial
ground,commercial
ground_sign,commercial
groundskeeping,commercial
groundwater_measurement,commercial
growshop,commercial
guado,commercial
Guaimaro,commercial
guard,commercial
Guard House,commercial
guardhouse,commercial
Guckucksnest,commercial
guerite,commercial
Guess House,commercial
guest,commercial
Guest House,commercial
guest_house,commercial
guest_relations,commercial
guestbook,commercial
guesthouse,commercial
guide,commercial
guide_dog_school,commercial
guide_hut,commercial
guide_services,commercial
Guides et Scouts,commercial
guitar_lessons,commercial
gully,commercial
gully_grating,commercial
gun,commercial
gun_range,commercial
gunsmith,commercial
Gurudwara,commercial
Gut Eid,commercial
Gwaramari,commercial
gym,commercial
Gym,commercial
gymnase,commercial
gymnasium,commercial
Gymnasium,commercial
gymnastics,commercial
Gymnastics Classes Kids,commercial
h,commercial
habitation,residential
hadware,commercial
hadwares,commercial
hagwon,commercial
hair,commercial
hair loss clinic,commercial
Hair Removal,commercial
Hair Replacement,commercial
Hair Restoration Jupiter,commercial
hair salon,commercial
Hair Transplant Las Vegas,commercial
hair_clinic,commercial
hair_loss,commercial
hair_salon,commercial
hairdresser,commercial
hairdresser_school,commercial
hairdressing_school,commercial
hairstyle,commercial
Halkapınar İlkokulu,commercial
hall,commercial
Hall,commercial
hamam,commercial
hammam,commercial
hammock,commercial
hand_pump,commercial
hand_sanitiser,commercial
hand_sanitizer_dispenser,commercial
hand_sanitizing,commercial
hand_wash,commercial
hand_washing,commercial
handcart_parking,commercial
handicap_ramp,commercial
handrails,commercial
handwash,commercial
handwashing,commercial
handwashing_station,commercial
hangar,commercial
hanging rings,commercial
"hangout, smoking,",commercial
"hangout,smoking",commercial
har,commercial
Har Nadav,commercial
harbour,commercial
harbour charge,commercial
harbourmaster,commercial
hard ware,commercial
Hardscaping,commercial
hardware,commercial
Hardware,commercial
hardware_rental,commercial
hardware_store,commercial
hardwares,commercial
Hardwood Flooring,commercial
haunt,commercial
hay_loft,commercial
hay_rack,commercial
hayloft,commercial
hayrack,commercial
HC II,commercial
HC_II,commercial
he,commercial
head office,commercial
headquarter,commercial
healer,commercial
healing_centre,commercial
health,commercial
health care,commercial
health care center,commercial
health center,commercial
Health Center,commercial
Health center,commercial
health centre,commercial
Health centre,commercial
health foods,commercial
Health Office,commercial
Health Post,commercial
health post,commercial
health_amenity,commercial
health_care,commercial
health_center,commercial
health_center_ii,commercial
health_center_iii,commercial
health_centre,commercial
health_club,commercial
health_facility,commercial
health_facility:type,commercial
health_food,commercial
health_food_store,commercial
health_insurance,commercial
health_post,commercial
health_spa,commercial
health_supplies,commercial
healthcare,commercial
healthpost,commercial
Healthpost,commercial
healthy,commercial
hearing_aids,commercial
hearing_aids;medical_supply,commercial
Heat of Kent,commercial
heater,commercial
heathcare,commercial
heating,commercial
Heating Contractor,commercial
heating_oil,industrial
Hébergement,commercial
Heilpraktiker,commercial
helicopter_fuel,commercial
helicopter_rental,commercial
help_point,commercial
helth,commercial
hemkunskapssal,commercial
herbal_medicine,commercial
herbalist,commercial
heritage,commercial
heritage_centre,commercial
Hermes,commercial
Hermes PaketShop,commercial
hgv_wash,commercial
hh,commercial
Hickory Treatment Center,commercial
hide,commercial
hifi,commercial
high school,commercial
highway,commercial
hiking,commercial
"hiking,heritage site",commercial
hill,commercial
historic,commercial
historic:place_of_worship,commercial
historic:vending_machine,commercial
historic_place,commercial
historical,commercial
historical site,commercial
historical_sign,commercial
historicalarker,commercial
history,commercial
hitch-hiking,commercial
hitchhiking_bench,commercial
hitching_post,commercial
hitching_stop,commercial
hitchrack,commercial
Hoa Lan,commercial
holiday,commercial
holiday_park,commercial
holsel,commercial
holy_well,commercial
home,residential
Home Cleaning,commercial
Home Security,commercial
home_appliances_repair,commercial
home_health_care,commercial
home_inspection,commercial
homecare,commercial
homeopath,commercial
homes,residential
Homes For Sale,commercial
homes here,residential
homestay,commercial
homework_support,commercial
homoeopathie,commercial
hookah,commercial
hookah_bar,commercial
hookah_lounge,commercial
hookah_lounge;cafe,commercial
hookan_lounge,commercial
hooklah_lounge,commercial
hooks,commercial
hoover,commercial
horse_breeding,commercial
Horse_Corral,commercial
horse_dismount_block,commercial
horse_hitch,commercial
horse_hitching_rail,commercial
horse_parking,commercial
horse_rental,commercial
horse_trough,commercial
horse_water,commercial
hospice,commercial
Hospice,commercial
hospital,commercial
Hospital,commercial
hospital (historic),commercial
Hospital Centro Oriente,commercial
hospital:duplicate,commercial
hospital:historical,commercial
hospital; university,commercial
hospital;atm,commercial
hospital;bank,commercial
hospital;clinic,commercial
hospital;conference_centre,commercial
hospital;dentist,commercial
hospital;pharmacy,commercial
hospital;place_of_worship,commercial
hospital;restaurant,commercial
hospital;social_facility,commercial
hospital_department,commercial
hospital_post,commercial
hostal,commercial
hostel,commercial
hostel:homeless,commercial
hostle,commercial
hot,commercial
hot pools,commercial
Hot water,commercial
hot_spring,commercial
hotel,commercial
hotspot,commercial
hotspring,commercial
house,residential
House,residential
house cleaner,commercial
House Cleaning Service,commercial
house(earthquake),commercial
house_removal,commercial
house_rent,commercial
houseware,commercial
housing,commercial
Housing Comlex,commercial
housing co-op,commercial
housing_allowance_office,commercial
housing_office,commercial
hoy_loft,commercial
hu+,commercial
huj,commercial
hull_cleaning_machine,commercial
humane society,commercial
hump,commercial
hunting_blind,commercial
hunting_cabin,commercial
hunting_hut,commercial
hunting_lodge,commercial
hunting_school,commercial
hunting_stand,commercial
hunting_thing,commercial
Hurtigbåt,commercial
hut,commercial
hvac,commercial
Hyderabadi restaurant,commercial
hydrant,commercial
Ian Hunter,commercial
ice,commercial
ice_bar,commercial
ice_cream,commercial
ice_cream; bar,commercial
ice_cream; pizza,commercial
ice_cream;bank,commercial
ice_cream;bureau_de_change,commercial
ice_cream;cafe,commercial
ice_cream;chocolate;cake,commercial
ice_cream;crepe,commercial
ice_cream;restaurant,commercial
ice_rink,commercial
ice_self_vending,commercial
ice_swimming,commercial
icon,commercial
idp_camp,commercial
Iglesia Inmaculado Corazon de Maria,commercial
igo,commercial
Igreja ,commercial
Illegal Waste Dump,commercial
Image Center,commercial
Iman Mama Sanou,commercial
imbiss,commercial
IML,commercial
immediate care center,commercial
immeuble,commercial
immigration,commercial
immigration border,commercial
Immunization Center,commercial
implant dentist,commercial
impound lot,commercial
imprimerie,commercial
improved well,commercial
In Vessel Composting,commercial
incinerator,commercial
indoor playground,commercial
indoor_market,commercial
indoor_pool,commercial
industrial,industrial
Industrial,commercial
Industrial Parc,commercial
industrial_equipment,industrial
industrie,commercial
industry,commercial
Industry,commercial
inf,commercial
inflation_station,commercial
info,commercial
infokart,commercial
infopoint,commercial
infopole,commercial
information,commercial
information_centre,commercial
information_sign,commercial
Informationen,commercial
infoshop,commercial
infotafel,commercial
infrastructure,commercial
ingress portal,commercial
initiative,commercial
inmobiliaria,commercial
inn,commercial
insect_hotel,commercial
Inseminacja zwierząt,commercial
insemination_station,commercial
inspection,commercial
Instalacje sanitarno-grzewcze Stanisław Zielsdorf,commercial
Institut,commercial
Institut financière,commercial
Institut Superior Ciências Econômicos Imprensariais,commercial
institute,commercial
institution,commercial
Instituto,commercial
insurance,commercial
intercom,commercial
Interim Agency,commercial
interior,commercial
Interior Decorator,commercial
Interior Designer,commercial
interior_decoration,commercial
interior_design,commercial
interior_designer,commercial
intermittent,commercial
internal_pharmacy,commercial
internet,commercial
internet acces:terminal,commercial
internet access,commercial
Internet Marketing Service,commercial
internet_,commercial
internet_access,commercial
internet_access_yes,commercial
internet_cafe,commercial
internet_cafe;karaoke_box,commercial
internet_cafe;money_transfer,commercial
internet_cafe;post_office,commercial
internet_cafe;printer;callshop;coffee;post_pickup,commercial
internet_caixa,commercial
internet_club,commercial
internet_kiosk,commercial
internet_service_provider,commercial
investment_bank,commercial
investment_service,commercial
investments,commercial
ip,commercial
IP_Agency,commercial
ir_counter,commercial
iron_casting,commercial
iron_ranger,commercial
ironing,commercial
irrigation,commercial
ischial_support,commercial
isp,commercial
IT_school,commercial
jail,commercial
JBM Jewellers,commercial
jeep_station,commercial
jeep_terminal;restaurant,commercial
jeepney station,commercial
jeepney terminal,commercial
jeepney_station,commercial
jeepney_terminal,commercial
Jerusalem,commercial
jet_wash,commercial
jetty,commercial
Jetty,commercial
jeux,commercial
jeweller,commercial
jewelry,commercial
jitterbox,commercial
job_centre,commercial
job_training,commercial
jobcentre,commercial
jogging path,commercial
joinery,commercial
jrcc,commercial
judicial,commercial
juice,commercial
Juice bar,commercial
juice_bar,commercial
juice_center,commercial
juice_extractor_machine,commercial
juice_extractor_machine;vegetable_crushing_machine,commercial
juice_jar,commercial
julgran försäljning,commercial
jumps,commercial
Junk Removal,commercial
Junk Removal Chicago,commercial
Junk Removal Springfield,commercial
justice,commercial
Juzgados,commercial
K+R,commercial
kancelaria,commercial
Kancelaria_Notarialna,commercial
KANIHATI ML HIGH SCHOOL,commercial
Kantor,commercial
Kantor Desa Yehembang,commercial
kantor Pos,commercial
Kanuverein,commercial
Kanyadevi Community Building,commercial
Kaplica zakonna,commercial
karaok,commercial
karaoka,commercial
karaoke,commercial
Karaoke Bar,commercial
karaoke_box,commercial
kasmetic,commercial
Katedra Organizacji i Zarządzania UWM,commercial
Katunje Bajar,commercial
Kaveh Parts and Seat Sales,commercial
kayak_hire,commercial
kayak_rental,commercial
kayak_tours,commercial
kazi_office,commercial
kennel,commercial
kennels,commercial
kerala toddy,commercial
key_box,commercial
key_cutter,commercial
key_cutting,commercial
key_locker,commercial
key_room,commercial
keymaker,commercial
khola,commercial
Khola,commercial
kichen,commercial
kick_scooter_parking_no_stand,commercial
kick-scooter_parking,commercial
kick-scooter_rental,commercial
kictchen,commercial
kiddie_ride,commercial
kids_area,commercial
kids_club,commercial
kids_rideons,commercial
kınaş vizyon,commercial
kind,commercial
kindergarden,commercial
kindergarten,commercial
kindergarten 2em cycle,commercial
kindergarten;bank,commercial
kindergarten;childcare,commercial
kindergarten;community_centre,commercial
kindergarten;library,commercial
kindergarten;pharmacy,commercial
kindergarten;police,commercial
kindergarten;post_office,commercial
kindergarten;school,commercial
kindergarten;school;university,commercial
kinesiologist,commercial
kinesiotherapy,commercial
kinesitherapist,commercial
kingamuzi agent,commercial
kirana,commercial
kirchweihbaum,commercial
Kirloskar Institite Of Advanced Mgmt Studies,commercial
kiss_and_go_stopping,commercial
kiss_and_ride,commercial
kiss_stop,commercial
kitchen,commercial
Kitchen,commercial
kitchen and bar,commercial
kitchen;coworking_space,commercial
kitchen_studio,commercial
kitchens,commercial
kitchinette,commercial
kite_rental,commercial
kite_school,commercial
kite-school,commercial
kivimurskain,commercial
k-jou snack bar,commercial
Klo für Köter,commercial
kneipp_water_cure,commercial
kneippbecken,commercial
knife_amnesty_box,commercial
knitting_school,commercial
knitwear,commercial
Koindu driver's Union Office,commercial
kollel,commercial
Kommunehuset,commercial
kompost,commercial
konevuokraamo,commercial
Kovil,commercial
kraal,commercial
ksero,commercial
ktv,commercial
Kuburan,commercial
Kunstgewerbe,commercial
Kwarda Pramuka Kaltim,commercial
l,commercial
l bft,commercial
la,commercial
La Paz,commercial
LAB,commercial
labaratory,commercial
labo,commercial
labor,commercial
laboratoire scientifique,commercial
laboratoires,commercial
Laboratório,commercial
laboratory,commercial
Laboratory,commercial
laboratory computer,commercial
labour_rental,commercial
labour_union,commercial
labyrinth,commercial
Laca rapido Daniel,commercial
lactation,commercial
lactation_room,commercial
ladder,commercial
ladders,commercial
ladestation_für_e-bike,commercial
Ladies Hostel,commercial
ladybird,commercial
laho_no_bicycle_parking,commercial
lake,commercial
Lamino,commercial
lamp,commercial
lamp_post,commercial
lampadaire,commercial
lamppost,commercial
lan_gaming_centre,commercial
lanai,commercial
LANCHE,commercial
Lanchonete e Pizzaria,commercial
land_development,commercial
landfield,commercial
landfill,commercial
Landfill,commercial
landing_site,commercial
landmark,commercial
Landscape Designer,commercial
Landscaper,commercial
Landscaping for construction,commercial
Landslide,commercial
Landslide Prone Area,commercial
landuse=irregular_settlement,commercial
language_centre,commercial
language_school,commercial
language_school;music_school,commercial
language_school;offices,commercial
laser,commercial
Lasergame,commercial
lau,commercial
launch_terminal,commercial
launcher,commercial
launderette,commercial
laundramat,commercial
laundrette,commercial
laundromat,commercial
Laundromat,commercial
laundry,commercial
laundry_box,commercial
laundry_line,commercial
laundry_lockers,commercial
Lavabo pour laver les mains,commercial
lavatory,commercial
lavoir,commercial
lavouir,commercial
Law Firm,commercial
law_firm,commercial
lawyer,commercial
layby,commercial
Layby,commercial
Le Choco,commercial
le relax ice cream et pica pollo,commercial
lead_inspector,commercial
leaning_bench,commercial
learned_society,commercial
learned_society;library,commercial
learning,commercial
leasing,commercial
leasing_office,commercial
Lebara Games Land,commercial
Lecture room,commercial
Lecture room;,commercial
lecture_hall,commercial
lecture_theatre,commercial
left_luggage,commercial
legal,commercial
legal_services,commercial
legion,commercial
Lehrpfad-Gesteinsarten,commercial
Leih-Karren,commercial
leisure,commercial
leisure_centre,commercial
lessons,commercial
leteri sides nan jakmel,commercial
letter_box,commercial
letter_box (x4),commercial
letter_box;post_box,commercial
letterbox,commercial
letting_agency,commercial
level_crossing,commercial
level_crossing_control_box,commercial
level_crossing_signal_box,commercial
library,commercial
library;cafe,commercial
library;hospital,commercial
library;language_school,commercial
library;townhall,commercial
library;toy_library,commercial
library_dropoff,commercial
library_of_things,commercial
LIC Agent,commercial
licee,commercial
licenced_club,commercial
License,commercial
license,commercial
licensed_club,commercial
licensed_dlub,commercial
licensing,commercial
licensing_center,commercial
licensing_centre,commercial
liceul chimie,commercial
licking_stone,commercial
Lieu de loisir,commercial
Life Labs,commercial
life_belt,commercial
life_boat,commercial
life_buoy,commercial
life_guard,commercial
life_preserver,commercial
life_ring,commercial
life_saver,commercial
lifeboat,commercial
lifeboat_station,commercial
lifeguard,commercial
lifeguard_station,commercial
lifejacket,commercial
lifesaver,commercial
lifevest,commercial
lift,commercial
light,commercial
Light,commercial
light_post,commercial
lightpole,commercial
Limo,commercial
limousine,commercial
Limousine Service,commercial
line,commercial
line alng sf,commercial
line overhead,commercial
linw bfr,commercial
liqour store,commercial
liquor store,commercial
liquor_store,commercial
literature,commercial
litter_bin,commercial
livenhouse,commercial
livery_hall,commercial
livestock_crush,commercial
livestock_feed,commercial
livestock_supply,commercial
loading_bay,commercial
loading_deck,commercial
loading_dock,commercial
loading_ramp,commercial
lobby,commercial
local government unit,commercial
local well,commercial
local yarn shop,commercial
local_exchange_trading_system,commercial
local_government,commercial
locality,commercial
location,commercial
Location,commercial
lock,commercial
lockbox,commercial
locker,commercial
locker_boxes,commercial
locker_room,commercial
lockers,commercial
locksmith,commercial
Locksmith Services,commercial
Locutorio,commercial
locutory,commercial
lodge,commercial
Lodge,commercial
Lodging,commercial
logbook,commercial
logistics,commercial
logistics company,commercial
logistics_service,commercial
Logistiikkakeskus,commercial
loisir,commercial
lombard,commercial
lombard_banking,commercial
Long-term Recovery In Colorado,commercial
Look_Media,commercial
lookout,commercial
LORD GANESHA TEMPLE,commercial
Lorry Stage,commercial
lost_and_found,commercial
lost_and_found_box,commercial
lost_found,commercial
lost_property,commercial
lost_property_box,commercial
lost_property_office,commercial
lost_property_offixe,commercial
lostandfound,commercial
lotery,commercial
loto,commercial
lottery,commercial
lotto,commercial
lotto_kiosk,commercial
loud_speaker,commercial
loudspeaker,commercial
louncher,commercial
loundry,commercial
lounge,commercial
lounge;bar,commercial
Lounge_and_Dining,commercial
lounge_area,commercial
lounger,commercial
love_hotel,commercial
love_lock_carrier,commercial
love_motel,commercial
lowopen,commercial
LPG,commercial
lpg,commercial
LPG Gas,commercial
lpg_storage,commercial
lsd,commercial
Lsd,commercial
LSD,commercial
lubricants,commercial
Lucija,commercial
Ludoteca,commercial
Lugar_Histórico,commercial
luggage,commercial
luggage_dropoff,commercial
luggage_keep,commercial
luggage_locker,commercial
luggage_locker;restaurant,commercial
luggage_pickup,commercial
luggage_scale,commercial
luggage_storage,commercial
luggage_weigh_scale,commercial
Lumala,commercial
lumber_yard,commercial
lunchroom,commercial
lvs-check,commercial
Lycee Privee de la Nativite,commercial
Machapuchre bank,commercial
machine_rental,commercial
machineshop,commercial
madira store,commercial
madkal,commercial
madrasa,commercial
Madrasa,commercial
madrasah,commercial
madrassa,commercial
magasin,commercial
Magasin,commercial
Magasin de meche,commercial
magasin de mode,commercial
magasin de pièces,commercial
Magasin de vêtements,commercial
magazine_box,commercial
magazine_stand,commercial
Mahdi Park,commercial
mail room,commercial
mail_box,commercial
mail_room,commercial
mailbox,commercial
mailboxes,commercial
mailrom,commercial
mailroom,commercial
Mailroom,commercial
main,commercial
Main Laboratory,commercial
maintenance_depot,commercial
maintenance_yard,commercial
mairie,commercial
Maison d'habitation,residential
Maison familiale ,residential
maize_mill,industrial
major crss,commercial
maker_space,commercial
makerspace,commercial
mall,commercial
man_made,commercial
management,commercial
management_consultant,commercial
Manantial,commercial
Mandal,commercial
Mandali block Udyog,commercial
manger,commercial
mangle,commercial
manhole,commercial
manhole_drain,commercial
manor,commercial
manual cash deposit,commercial
manufacturer,commercial
manure,commercial
map,commercial
marae,commercial
marakezFarhangi,commercial
mari,commercial
maria,commercial
Maria coiffure,commercial
marina,commercial
Marine Repair,commercial
marine Services,commercial
marine_rescue,commercial
maritime_school,commercial
marker,commercial
market,commercial
market_centre,commercial
Marketing,commercial
marketplace,commercial
marketplace_weekly,commercial
marquee_hire,commercial
marriage hall,commercial
martial_arts,commercial
masage,commercial
masjid,commercial
MASJID,commercial
maskan,commercial
maskani,commercial
masonic_lodge,commercial
massage,commercial
massage_chair,commercial
massage_parlor,commercial
massage_parlour,commercial
masseuse,commercial
masso erratico,commercial
mast,commercial
"materiale constructii, echipamente",commercial
materiały drewniane,commercial
Matériel informatique,commercial
maternity_care,commercial
maternity_school,commercial
matokomposti,commercial
mattress shop,commercial
maxheight_warning_beam,commercial
maxillofacial surgeon,commercial
Mburak Desa Macan Tanggar,commercial
mechanic,commercial
Med Spa,commercial
medecin,commercial
Médecin généraliste,commercial
median,commercial
mediation,commercial
mediator,commercial
medic,commercial
medica,commercial
medical,commercial
Medical,commercial
medical administration,commercial
Medical Labs,commercial
Medical Offices,commercial
Medical store,commercial
medical transport service,commercial
medical_aid,commercial
medical_center,commercial
medical_centre,commercial
medical_equipment_supplier,commercial
medical_imaging,commercial
medical_laboratory,commercial
Medical_Practitioner,commercial
medical_supply,commercial
Medical_supply,commercial
medical_tests,commercial
medicine,commercial
medispa,commercial
meditation_ centre,commercial
meditation_center,commercial
meditation_centre,commercial
medopen,commercial
meesava,commercial
meeting,commercial
meeting point,commercial
meeting_center,commercial
meeting_centre,commercial
meeting_hall,commercial
meeting_point,commercial
meeting_rooms,commercial
meetinglocation,commercial
meetingpoint,commercial
megalith,commercial
melina,commercial
memorial,commercial
Memorial Bench,commercial
mending,commercial
menroad,commercial
menrod-3,commercial
mental_health,commercial
mental_health_service,commercial
Mercado,commercial
Mercurius,commercial
Mesas picnic,commercial
mess,commercial
message_board,commercial
Metaphysical,commercial
meteo_station,commercial
Metsänhoitoyhdistys,commercial
mfi,commercial
micro_scooter_parking,commercial
microfinance,commercial
Microfinance,commercial
microfinance_bank,commercial
microwave,commercial
midwife,commercial
migrant_detention_centre,commercial
mikvah,commercial
mile_post,commercial
milestone,commercial
military,commercial
milk,commercial
milk collection point,commercial
milk_collection,commercial
milk_dispenser,commercial
milk-booth,commercial
milk-tea shop,commercial
mill,industrial
Mill,industrial
mill_stone,industrial
mine,industrial
mineral_water,commercial
minerals,industrial
mini,commercial
mini library,commercial
mini_ramp,commercial
mini_scooter_parking,commercial
mini_storage,commercial
miniature_railway,commercial
ministère de la construction,commercial
ministorage,commercial
ministry,commercial
minnesplats,commercial
mirror,commercial
mirror_adjustment_station,commercial
mirror_setting_marks,commercial
Mission,commercial
"Mission de Mexico, S.A. De C.V.",commercial
missionary,commercial
mist spraying cooler,commercial
mist_spraying_cooler,commercial
Mixed hostel,commercial
mobile money,commercial
Mobile Money,commercial
mobile money agent,commercial
Mobile Money Agent,commercial
mobile_bank,commercial
mobile_horizontal_business,commercial
mobile_library,commercial
mobile_money,commercial
Mobile_Money Agent,commercial
mobile_money_agency,commercial
mobile_money_agent,commercial
Mobile_money_agent,commercial
Mobile_Money_Agent,commercial
mobile_money_agent;doctors,commercial
mobile_money_agent;kindergarten,commercial
mobile_money_agent;Sam Investments,commercial
mobile_money_agent;school,commercial
mobile_money_agents,commercial
mobile_money_agenty,commercial
mobile_money_bank,commercial
mobile_phone,commercial
mobile_phone_mast,commercial
mobile_phone_tower,commercial
mobile_point,commercial
mobilemoney,commercial
Mobilemoney,commercial
mobility,commercial
mobility_equipment_hire,commercial
mobility_hub,commercial
mobility_scooter_rental,commercial
mode,commercial
model,commercial
model_home,commercial
model_railway,commercial
modelling_airplanes,commercial
"modelowanie_ust,_twarzy,_usuwanie_zmarszczek,_kwas_hialuronowy,_botox_etc...",commercial
mofa:parking,commercial
mofetta,commercial
Mokhada,commercial
Mommy Makeover,commercial
monastery,commercial
monastery;restaurant,commercial
monastry,commercial
money_change,commercial
money_exchange,commercial
money_lender,commercial
money_lenders,commercial
money_transfer,commercial
"money_transfer,postal_office",commercial
money_transfer; post_office,commercial
money_transfer;notary_public,commercial
money_transfer;payment_centre,commercial
money_transfer;post_office,commercial
money_transfer_agent,commercial
money_transfer_machine,commercial
moneychanger,commercial
moneylender,commercial
monitor,commercial
monocular,commercial
montessori_school,commercial
monument,commercial
monument 1838,commercial
Monumento,commercial
mooring,commercial
moped parking,commercial
moped rental,commercial
moped_parking,commercial
morgue,commercial
Mortage Broker,commercial
mortgage,commercial
mortgage_bank,commercial
mortgage_broker,commercial
mortuary,commercial
mortuary;crematorium,commercial
mosque,commercial
mosquitos_trap,commercial
MOSUL PHARMACEUTICALS PLANT NINEVEH,commercial
motel,commercial
Motel,commercial
motel_month,commercial
Motel_Sex_Time,commercial
mother_room,commercial
moto_rental,commercial
motocross_track,commercial
motocycle_repair,commercial
motor garage,commercial
motor_painting,commercial
motor_parking,commercial
motor_vehicle_department,commercial
motorclycling,commercial
motorcycle,commercial
motorcycle_club,commercial
motorcycle_mechanic,commercial
motorcycle_parking,commercial
motorcycle_parking; bicycle_parking,commercial
motorcycle_parking;bicycle_parking,commercial
motorcycle_parking;motorcycle_wash,commercial
motorcycle_parking;waste_basket,commercial
motorcycle_parts,commercial
motorcycle_rental,commercial
motorcycle_repair,commercial
motorcycle_repair_station,commercial
motorcycle_station,commercial
motorcycle_taxi,commercial
motorcycle_training,commercial
motorcycle_wash,commercial
motorhome_rental,commercial
motorhome_service,commercial
motors,commercial
Moulin,commercial
moulin cafe,commercial
mountain bike fun trail,commercial
mountain_guide,commercial
mountain_rescue,commercial
mountainbike_park,commercial
mounting_block,commercial
mounting_step,commercial
mounting_steps,commercial
mouthhygienist,commercial
movie hall,commercial
Movie Rental,commercial
movie_stand,commercial
movie_studio,commercial
MovieRent,commercial
moving,commercial
Moving Company Cypress,commercial
moving_company,commercial
moving_storage,commercial
mp,commercial
M-Pesa,commercial
Mpira Hall,commercial
mtb_school,commercial
MTN Shop,commercial
mud_bath,commercial
multimedia_access,commercial
multipurpose_pavement,commercial
municipal,commercial
Municipal Building,commercial
municipalidad,commercial
murmur_listening_post,commercial
museum,commercial
mushroom_control,commercial
music,commercial
music center,commercial
Music Lessons,commercial
music_club,commercial
music_garden,commercial
music_hall,commercial
music_lessons,commercial
music_rehearsal_place,commercial
music_rehearsal_space,commercial
music_school,commercial
music_school;art_school,commercial
music_school;dancing_school,commercial
music_school;dancing_school;theatre_school,commercial
music_scool,commercial
music_stage,commercial
music_studio,commercial
music_venue,commercial
Music_venue,commercial
"music_venue,events_venue,_bar",commercial
music_venue;cafe,commercial
music_venue;restaurant,commercial
musical_instrument,commercial
musicclub,commercial
Musikerheim,commercial
Musikheim,commercial
Musikschule Trömel,commercial
muster_point,commercial
Muthoot Finance,commercial
mutuality,commercial
My Store,commercial
mykonos,commercial
mystery,commercial
nabu-ortsgruppe_külsheim,commercial
Nachhilfe,commercial
Nadleśnictwo,commercial
nail,commercial
nail salon,commercial
Nail Salon,commercial
nail studio,commercial
nail_bar,commercial
nail_salon,commercial
nail_studio,commercial
nam,commercial
name_plate,commercial
nameplate,commercial
naprawa_sprzetu_RTV,commercial
narath,commercial
natal_care,commercial
natur pool,commercial
natur_reserve,commercial
natural,commercial
Natural Rock Formation - views,commercial
natural_healing,commercial
natural_medicine,commercial
natural_shelter,commercial
nature reserve,commercial
nature_trail,commercial
Naturheilpraxis,commercial
naturopathy,commercial
natuur,commercial
Nave Marchamalo 1,commercial
navigation light,commercial
needle_exchange,commercial
Neelankavil,commercial
neighbourhood_office,commercial
nest_box,commercial
nestle,commercial
networking,commercial
Neurosurgeon,commercial
Neviera,commercial
neviera,commercial
news,commercial
news_rack,commercial
newsagency,commercial
newsagent,commercial
newsbox,commercial
newspaper,commercial
newspaper_distribution_bin,commercial
newspaper_kiosk,commercial
newspaper_stand,commercial
newsstand,commercial
Ngã tư Đình,commercial
NGO,commercial
ngo,commercial
Ngo,commercial
night_deposit_box,commercial
nightclub,commercial
nightclub;bar,commercial
nightclub;bar;restaurant,commercial
nightclub;events_venue,commercial
nightclub;restaurant,commercial
nightclub;stripclub,commercial
Nisargopchar Ashram,commercial
no,commercial
no fuel,commercial
No Parking,commercial
non,commercial
none,commercial
Northern_Berks_EMS,commercial
Norway GoKart,commercial
notaio,commercial
notary,commercial
Notary,commercial
notary_public,commercial
Notaufnahme Rezeption,commercial
notery,commercial
Not-for profit organisation,commercial
notice_board,commercial
noticeboard,commercial
Novokubanskagropromkhimiya,commercial
nurse,commercial
nursery,commercial
nursery_home,commercial
nursery_school,commercial
nurses,commercial
nursing,commercial
nursing_clinic,commercial
nursing_home,commercial
nursing_room,commercial
nursing_school,commercial
nursing_service,commercial
nutrition_supplements,commercial
nutritionist,commercial
Nutritionist,commercial
oberservator,commercial
Observation Platform,commercial
observation_window,commercial
Obstannahme,commercial
obstetrician,commercial
Obstetrician,commercial
occupational,commercial
occupational therapist,commercial
oefentherapie,commercial
oeuf,commercial
off,commercial
Off the Leash Dog Training,commercial
off_license,commercial
office,commercial
Office,commercial
Office Space,commercial
Office Supply,commercial
office;restaurant,commercial
office_centre,commercial
office_energy_supplier,commercial
office_enterprise,commercial
office_rental,commercial
office_units,commercial
offices,commercial
Offices,commercial
official,commercial
oficina,commercial
ohrana,commercial
oil_mill,industrial
Okul,commercial
old news paper pringting,commercial
old_cafe,commercial
old_parking,commercial
old_place_of_worship,commercial
old_pub,commercial
old_restaurant,commercial
oldhome,commercial
olive_oil_mill,industrial
one_zone_wifi,commercial
ONG,commercial
ong,commercial
online shopping,commercial
online_shopping,commercial
Open Auditorium,commercial
open space,commercial
open_air_stage,commercial
open_mic,commercial
operator,commercial
ophelina,commercial
ophlinat,commercial
ophtalmologie,commercial
optical_glasses,commercial
optician,commercial
opticians,commercial
optional_education,commercial
optometrist,commercial
Optromitis,commercial
orchestra,commercial
organic farm,commercial
organic;fast_food,commercial
organisation,commercial
organisation internationale,commercial
organización_de_bodas,commercial
organization,commercial
orphan_home,commercial
orphanage,commercial
orphelinat,commercial
orthodonist,commercial
orthodonists,commercial
orthodontics,commercial
orthodontist,commercial
orthopedic,commercial
Orthopedic Surgeon Torrance,commercial
orthopedics,commercial
orthophonist,commercial
ortss,commercial
osmica,commercial
osteopath,commercial
other,commercial
others,commercial
"O'TOPAZ, Pâtisserie",commercial
out_of_date_imagery,commercial
outbound_training,commercial
outdoor,commercial
outdoor guide,commercial
outdoor_oven,commercial
outdoor_range,commercial
outdoor_seating,commercial
outdoors_centre,commercial
outfitter,commercial
outpost,commercial
outreach,commercial
Outreach,commercial
oven,commercial
overlook,commercial
p,commercial
p\,commercial
package_room,commercial
package_services,commercial
paddle_boat_rental,commercial
paddleshop,commercial
Paga Todo,commercial
Paga_Todo,commercial
paint,commercial
Paint Supplies,commercial
painter,commercial
painters,commercial
painting,commercial
painting_school,commercial
palmist,commercial
palyground,commercial
panaderia,commercial
panoramic,commercial
Paquetería,commercial
paragliding_school,commercial
parc de vaccination,commercial
parcel_box,commercial
parcel_locker,commercial
parcel_locker;post_box,commercial
parcel_lockers,commercial
parcel_mail_in,commercial
parcel_pickup,commercial
parcel_postbox,commercial
parcel_service,commercial
parcelservice,commercial
parish_hall,commercial
parish_office,commercial
park,commercial
park_entrance,commercial
parking,commercial
parking lot,commercial
parking only for 4x4,commercial
parking; toilets;   restaurant; telephone;,commercial
parking;atm,commercial
parking;bar,commercial
parking;bicycle_repair_station,commercial
parking;car_wash,commercial
parking;compressed_air,commercial
parking;drinking_water,commercial
parking;fuel,commercial
parking;parking_entrance,commercial
parking;phone,commercial
parking;restaurant,commercial
parking;shelter,commercial
parking;toilets,commercial
parking;vehicle_inspection;bus_station,commercial
parking_access,commercial
parking_booth,commercial
parking_entrance,commercial
parking_entrance;parking,commercial
parking_entrance;restaurant,commercial
parking_entrance;vending_machine,commercial
parking_exit,commercial
parking_locker,commercial
parking_meter,commercial
parking_section,commercial
parking_sign,commercial
parking_space,commercial
parking_space;bus_station,commercial
parking_space;fast_food,commercial
parking+shopping,commercial
parliament,commercial
participation_council,commercial
Particulares,commercial
parts,commercial
Party Hall,commercial
party location,commercial
party palace,commercial
party place,commercial
party_hall,commercial
party_rental,commercial
party_room,commercial
party_supply,commercial
pasal,commercial
Pasar Ikan,commercial
passenger pick up drop off,commercial
passenger_board,commercial
passenger_information,commercial
passenger_information_board,commercial
passenger_information_display,commercial
passenger_pick_up_drop_off,commercial
passenger_pickup_drop_off,commercial
passenger_pickup_dropoff,commercial
passengers,commercial
passerelle,commercial
passing_place,commercial
passing_point,commercial
passport photos,commercial
passport_office,commercial
PASTEL,commercial
pastries,commercial
pastry,commercial
path,commercial
pathologist,commercial
patisserie,commercial
patrimonio_cultural,commercial
pavilion,commercial
Pavilion,commercial
pavillon,commercial
Paving Driveways,commercial
pawnbroker,commercial
pawnshop,commercial
pay,commercial
pay_booth,commercial
pay_in_service,commercial
pay_phone,commercial
payment_centre,commercial
payment_centre;money_transfer,commercial
payment_terminal,commercial
payment_terminal;atm,commercial
payphone,commercial
pc_school,commercial
peace_pole,commercial
pedalo,commercial
pediatrics,commercial
pedicab,commercial
pedicab_station,commercial
pedicab_terminal,commercial
pedicure,commercial
pedicurist,commercial
pedology,commercial
peep_school,commercial
peluquería,commercial
Pension-Restaurant,commercial
Pensiune,commercial
"pensiune, restaurant",commercial
"pensiune, restaurant, recreation",commercial
people_care,commercial
pepsi depot,commercial
perfume,commercial
perfumery,commercial
periscope,commercial
Permanent Makeup Training,commercial
Perpustakaan Fakultas Sains dan Teknologi,commercial
person_weighing,commercial
personal_care_attendant,commercial
personal_service,commercial
personal_trainer,commercial
Pest Control/Real Estate,commercial
pest_control,commercial
pet,commercial
Pet grooming shop,commercial
pet_beauty,commercial
pet_boarding,commercial
pet_grooming,commercial
pet_relief,commercial
pet_relief_area,commercial
pet_relief_station,commercial
pet_sitting,commercial
pet_toilet,commercial
pet_wash,commercial
pet_waste_basket,commercial
petit demele,commercial
Petrol Bunk,commercial
petrol_pump,commercial
Petroleum Well,commercial
PGKIM Ozimek,commercial
pharcie,commercial
pharmaccy,commercial
pharmacy,commercial
pharmacy;cafe,commercial
pharmacy;college,commercial
pharmacy;doctors,commercial
pharmacy;townhall,commercial
philatelic,commercial
phone,commercial
phone service provider,commercial
phone_box,commercial
phone_money_agent,commercial
phonebooth,commercial
photo,commercial
photo_automatic,commercial
photo_boost,commercial
photo_booth,commercial
photo_booth;atm,commercial
photo_lab,commercial
photo_print,commercial
photo_stand-in,commercial
photo_studio,commercial
photobooth,commercial
photographer,commercial
photography,commercial
photography_club,commercial
photography_school,commercial
photograpy,commercial
photostudio,commercial
Phước Trung,commercial
Physical Therapy,commercial
Physical training Center,commercial
physical_therapist,commercial
Physiotherapie,commercial
physiotherapist,commercial
piano,commercial
piano_lessons,commercial
pic,commercial
pic_nick,commercial
picknick_table,commercial
pickup_point,commercial
picnic area,commercial
picnic spot,commercial
picnic_area,commercial
picnic_bench,commercial
picnic_place,commercial
picnic_shelter,commercial
picnic_site,commercial
picnic_table,commercial
picnic_table pop,commercial
pier,commercial
piercing,commercial
Pika,commercial
pilates,commercial
pilot_school,commercial
pilot_service,commercial
pipe,commercial
pirch,commercial
pitch,commercial
Pitch,commercial
pizza,commercial
place,commercial
place_of_chanting_daimoku,commercial
place_of_interest,commercial
place_of_meditation,commercial
place_of_mourning,commercial
place_of_murder,commercial
place_of_prayer,commercial
place_of_study,commercial
place_of_vist,commercial
place_of_winorship,commercial
place_of_worship,commercial
place_of_worship;arts_centre,commercial
place_of_worship;atm,commercial
place_of_worship;bench,commercial
place_of_worship;cafe,commercial
place_of_worship;clinic,commercial
place_of_worship;dentist,commercial
place_of_worship;dojo,commercial
place_of_worship;events_venue,commercial
place_of_worship;marketplace,commercial
place_of_worship;pharmacy,commercial
place_of_worship;post_office,commercial
place_of_worship;restaurant,commercial
place_of_worship;school,commercial
place_of_worship;telephone,commercial
place_of_woship,commercial
plane,commercial
planetarium,commercial
planned,commercial
plant,commercial
plant nursery,commercial
plant_hire,commercial
plant_nursery,commercial
plant_seeds,commercial
Planta Revisión Técnica,commercial
planter,commercial
plaque,commercial
plasma_center,commercial
plastic pasal,commercial
plastic shop,commercial
plastic store,commercial
Plastic Surgeon,commercial
Plastic Surgeon Beverly Hills,commercial
Plastic Surgery,commercial
plat_steps,commercial
play ground and practical demonstration ground,commercial
play_book,commercial
play_centre,commercial
play_parking,commercial
play_room,commercial
play_school,commercial
playg,commercial
playground,commercial
playgroup,commercial
playhouse,commercial
playing ground,commercial
playroom,commercial
playstation,commercial
Plaza,commercial
plots for sale,commercial
plumber,commercial
plumpe,commercial
PO boxes,commercial
po_box,commercial
po_boxes,commercial
podiatrist,commercial
podologist,commercial
podotherapy,commercial
poi,commercial
point de collecte de coton,commercial
point de pesée du coton,commercial
Point de vente carte de recharge,commercial
point of filling gas condensate,commercial
point_meeting,commercial
pointer,commercial
poissonnerie,commercial
pole,commercial
pôle médical,commercial
police,commercial
police station,commercial
police; council,commercial
police;fire_station,commercial
police;post_office,commercial
police;restaurant,commercial
police;townhall,commercial
police_booth,commercial
police_outpost,commercial
policeoutpost,commercial
polícia,commercial
Policia Militar do Amapa,commercial
political_centre,commercial
political_party,commercial
polleria,commercial
polling_booth,commercial
polling_place,commercial
polling_station,commercial
pollution_control_station,commercial
polyclinic,commercial
polythene,commercial
Polyurea Coatings,commercial
pond,commercial
pont,commercial
Ponto de Monitoramento,commercial
Ponto de Taxis,commercial
Pool,commercial
Pool entrance and tickets,commercial
Pool Hall,commercial
Pool Renovation,commercial
popcorn,commercial
poradnia_rodzinna,commercial
pork,commercial
port,commercial
port_authority,commercial
port_terminal,commercial
Portable Building Manufacturer,commercial
Portable Toilet Supplier,commercial
Portable Toilet Supplier;Trailer Rental Service;Septic System Service;Construction Equipment Supplier;Fence Contractor,commercial
portable_toilet_hire,commercial
porto,commercial
pos,commercial
posho Mill,industrial
poshomill,industrial
post,commercial
post_box,commercial
post_box; telephone,commercial
post_box;bench,commercial
post_box;bicycle_parking,commercial
post_box;fast_food,commercial
post_box;letter_box,commercial
post_box;pharmacy,commercial
post_box;post_office,commercial
post_box;recycling,commercial
post_box;telephone,commercial
post_box;vending_machine,commercial
post_box;waste_basket,commercial
post_box_missing,commercial
post_delivery,commercial
post_depot,commercial
post_depot;left_luggage,commercial
post_depot;post_office,commercial
post_distributioncenter,commercial
post_locker,commercial
post_office,commercial
post_office; post_box,commercial
post_office;atm,commercial
post_office;bank,commercial
post_office;clock,commercial
post_office;hospital,commercial
post_office;library,commercial
post_office;parcel_locker,commercial
post_office;post_box,commercial
post_office;restaurant,commercial
post_office;vending_machine,commercial
post_partner,commercial
post_pickup,commercial
post_point,commercial
post_receiving_box,commercial
post_service,commercial
post_storage_box,commercial
postal_relay_box,commercial
postal_service,commercial
poste,commercial
Poste indicador,commercial
poster_board,commercial
posts,commercial
potable_water,commercial
POTENTIAL WATER SOURCE,commercial
pottery,commercial
pouch_box,commercial
Poulaillée,commercial
poultry farm,commercial
Poultry products and feeds,commercial
POW Camp (Historical),commercial
power,commercial
power outlet (publlic),commercial
power_office,commercial
power_socket,commercial
power_substation,commercial
power_supply,commercial
power_supply_station,commercial
praire,commercial
pram_room,commercial
Prayer Ground,commercial
pre school,commercial
Pre school,commercial
pre_school,commercial
pre_school;day_care,commercial
prefecture,commercial
pregnancy,commercial
Prehod čez progo pri Nebotičniku,commercial
prep_school,commercial
presbytery,commercial
preschool,commercial
Preschool,commercial
pre-school,commercial
prescription_collection_point,commercial
Presídio,commercial
Pressing,commercial
pressure_washer,commercial
presto,commercial
prête à porter,commercial
primaire,commercial
primaria,commercial
primary,commercial
primary care,commercial
Primary Health Centre,commercial
primary school,commercial
primaryschool maingate,commercial
print,commercial
print_on_clothes,commercial
printer,commercial
printer_ink,commercial
printer_publishing,commercial
printers,commercial
printing,commercial
printing_establishment,commercial
printing_house,commercial
printing_press,commercial
prison,commercial
prison;school,commercial
privat_doctor,commercial
Privatbank,commercial
private harbour,commercial
private residence,residential
Private_Bangalow,commercial
private_club,commercial
private_coaching,commercial
private_door,commercial
private_fast_food,commercial
private_healthcare_facility,commercial
private_hire_car,commercial
private_school,commercial
private_security,commercial
private_toilet,commercial
private_tutor,commercial
private_tutoring,commercial
prize_podium,commercial
pro,commercial
probation_service,commercial
produce_collection_centre,commercial
product_pickup,commercial
products,commercial
Produtos Defumados,commercial
professional services,commercial
professional_school,commercial
project_space,commercial
propane,commercial
propane_filling_station,commercial
property_restoration,commercial
proposed,commercial
proposed_bicycle_parking,commercial
proposed_condo,commercial
protected_area,commercial
Protezione Civile,commercial
provider,commercial
przystanek tramwajowy,commercial
psychic,commercial
psychotherapist,commercial
psycic,commercial
pub,commercial
pub disused,commercial
pub; restaurant,commercial
pub;bar,commercial
pub;bar;restaurant,commercial
pub;cafe,commercial
pub;guesthouse,commercial
pub;hookah_lounge,commercial
pub;ice_cream,commercial
pub;ktv,commercial
pub;lottery,commercial
pub;nightclub,commercial
pub;restaurant,commercial
pub;restaurant;rooms,commercial
pub;taxi,commercial
pub;vending_machine,commercial
pub;veterinary,commercial
pub_sign,commercial
public,commercial
Public Beach Access,commercial
public building,commercial
public facility,commercial
Public Health Office,commercial
public office,commercial
Public office,commercial
public place,commercial
public prosecution department,commercial
Public Stop Station,commercial
public tank,commercial
Public water point,commercial
public_art,commercial
public_artcase,commercial
public_b,commercial
public_bath,commercial
public_bookcase,commercial
public_bookcase;give_box,commercial
public_bookcase;pharmacy,commercial
public_bookshelf,commercial
public_building,commercial
public_building;parking,commercial
public_council,commercial
public_facility,commercial
public_hall,commercial
public_lift,commercial
public_market,commercial
public_notary,commercial
public_office,commercial
Public_office,commercial
public_oven,commercial
public_relations,commercial
public_service,commercial
public_services,commercial
public_transport,commercial
public_transport_tickets,commercial
Public_Transpotation,commercial
public_utilites,commercial
public_utilities,commercial
public_viewing,commercial
public_works,commercial
public_writer,commercial
publication,commercial
publisher,commercial
pubrun_end,commercial
pubrun_support,commercial
Puente Bárbula,commercial
puisard,commercial
Puja Pasal,commercial
puja samagari,commercial
puja shop,commercial
Pulpería,commercial
pump,commercial
pump house,commercial
pump_track,commercial
pumping_station,commercial
punching_bag,commercial
Punkt wymiany butli gazowych,commercial
Punkt wymiany butli propan-butan,commercial
pup,commercial
puppetry,commercial
purification_trough,commercial
pusard,commercial
pushchair_parking,commercial
Puskesmas UIN SUSKA Riau,commercial
puv,commercial
puzzle_library,commercial
pyrotechnics,commercial
qr,commercial
quad_rental,commercial
quán ăn,commercial
quarantine_bin,commercial
quarry,commercial
"Quesera ""Don Felix",commercial
quest_room,commercial
quiet_room,commercial
quincaillerie,commercial
radar,commercial
radar transponder,commercial
radio,commercial
radio chimen lakay,commercial
Radio chimen lakay,commercial
radio etincelle fm,commercial
radio sensation fm,commercial
radio station,commercial
radio_station,commercial
radiography,commercial
radiologist,commercial
rage_room,commercial
railway,commercial
railway booking office,commercial
railway level crossing,commercial
Railway Parade Stand 5,commercial
railway_control_centre,commercial
railway_signal_box,commercial
ralentisseur,commercial
Ram Janaki Temple,commercial
ramp,commercial
ranger_station,commercial
rangers,commercial
raspberries,commercial
Ration shop,commercial
RATIONSHOP,commercial
ravine bigonet,commercial
razed:bench,commercial
real,commercial
Real Estate,commercial
real estate agent,commercial
Real Estate Service,commercial
realtor,commercial
realty,commercial
Reasearch Center,commercial
reataurant;mobile_money_agent,commercial
receiving_dock,commercial
recent,commercial
reception,commercial
reception:desk,commercial
reception_area,commercial
reception_area;restaurant,commercial
reception_center,commercial
reception_deck,commercial
reception_desk,commercial
reception_hall,commercial
reception_point,commercial
recording_studio,commercial
recreation,commercial
recreation_centre,commercial
recreation_ground,commercial
recreative_center,commercial
rectory,commercial
Recycle glass vases,commercial
recycle_bin,commercial
recycling,commercial
recycling without recycling,commercial
recycling:organic,commercial
recycling; waste_disposal,commercial
recycling;bottle_return,commercial
recycling;drinking_water,commercial
recycling;post_box,commercial
recycling;pub,commercial
recycling;waste_basket,commercial
recycling;waste_disposal,commercial
recycling_place,commercial
recyling,commercial
red_cross,commercial
refectory,commercial
reference_health_center,commercial
referral_hospital,commercial
reflexology,commercial
Reform 455,commercial
refresher,commercial
refreshments,commercial
Refrigerator repairing,commercial
refuge,commercial
refugee_camp,commercial
refugee_housing,commercial
refugee_site,commercial
refugi,commercial
refuse_disposal,commercial
registar_office,commercial
register,commercial
register_office,commercial
registrars_office,commercial
registro civil,commercial
registry_office,commercial
rehabilitation,commercial
rehearsal_room,commercial
rehearsal_studio,commercial
relay_box,commercial
relay_post_box,commercial
religion,commercial
Religión,commercial
religious,commercial
Religious Area,commercial
religious_ablution,commercial
remedial_teacher,commercial
remittance,commercial
removals,commercial
removed,commercial
rendezvous_place,commercial
rent_collection_box,commercial
rental,commercial
rental apartment,residential
rental room,commercial
rental_book,commercial
rental_office,commercial
repair,commercial
repair_centre,commercial
repair_electronics,commercial
reprographics,commercial
reprography,commercial
reptile_shelter,commercial
rerigious,commercial
res,commercial
reSantaurant,commercial
rescue,commercial
rescue station,commercial
rescue_service,commercial
rescue_statio,commercial
rescue_station,commercial
rescue-station,commercial
reseach_institute,commercial
research_centre,commercial
research_insitute,commercial
research_institute,commercial
research_station,commercial
reservior,commercial
reservoir,commercial
reservoir_covered,commercial
reseved_plot,commercial
reside,commercial
residence,commercial
resident,commercial
residential,residential
RESIDENTIAL,residential
Residential Building,residential
Residential care facility,residential
residential_care,residential
residential_home,residential
residential=irregular_settlement,residential
resor,commercial
resort,commercial
Resource Center,commercial
resource_center,commercial
resource_centre,commercial
RESOURCES DEVELOPMENT AND WELFARE,commercial
resraurant,commercial
rest,commercial
rest area,commercial
rest room,commercial
rest_area,commercial
rest_home,commercial
rest_house,commercial
restaur,commercial
restaurant,commercial
"restaurant, bar, cafe",commercial
"restaurant, community Center",commercial
"restaurant, music_venue",commercial
"restaurant,bar",commercial
restaurant: bar,commercial
restaurant:discontinued,commercial
restaurant:disused,commercial
restaurant; bar,commercial
restaurant; biergarten,commercial
restaurant; cafe,commercial
restaurant; cafeteria,commercial
restaurant; convenience store,commercial
restaurant; fast_food,commercial
restaurant; ice_cream,commercial
restaurant; pub,commercial
restaurant;bank,commercial
restaurant;banquet,commercial
restaurant;bar,commercial
restaurant;bar;,commercial
restaurant;bar;cafe,commercial
restaurant;bar;cafe;pub,commercial
restaurant;bar;ice_cream,commercial
restaurant;bar;nightclub,commercial
restaurant;bath,commercial
restaurant;bench,commercial
restaurant;biergarten,commercial
restaurant;bistro,commercial
restaurant;brewery,commercial
restaurant;cafe,commercial
restaurant;café,commercial
restaurant;cafe;bar,commercial
restaurant;car_wash,commercial
restaurant;casino,commercial
restaurant;cinema,commercial
restaurant;club,commercial
restaurant;coffee,commercial
restaurant;deli,commercial
restaurant;doctors,commercial
restaurant;events_venue,commercial
restaurant;fast_food,commercial
restaurant;food_court,commercial
restaurant;fuel,commercial
restaurant;grocery;butcher;,commercial
restaurant;hookah_lounge;pub,commercial
restaurant;ice_cream,commercial
restaurant;karaoke,commercial
restaurant;lounge,commercial
restaurant;marketplace,commercial
restaurant;mobile_money_agent,commercial
restaurant;music_venue,commercial
restaurant;nightclub,commercial
restaurant;parking,commercial
restaurant;pharmacy,commercial
restaurant;place_of_worship,commercial
restaurant;post_office,commercial
restaurant;psychologist,commercial
restaurant;pub,commercial
restaurant;pub;bar;fast_food,commercial
restaurant;pub;guesthouse,commercial
restaurant;pup,commercial
restaurant;school,commercial
restaurant;soba,commercial
restaurant;theatre,commercial
restaurant;wine_bar,commercial
restaurant_closed,commercial
restaurant-pension,commercial
resthouse,commercial
reststop,commercial
retail,commercial
Retail,commercial
Retail canteen,commercial
retail shop,commercial
retail store,commercial
retailer,commercial
rethoric_school,commercial
Retirement Center,commercial
retirement_home,commercial
retirement_village,commercial
retreat_house,commercial
return_book_deposit,commercial
Returned Serviceman's League,commercial
reuse,commercial
revolving_chair,commercial
revolving_lounger,commercial
rezeption,commercial
rght to left,commercial
rice mashine,commercial
Richmond Hill Prepartory,commercial
rickshaw,commercial
ridable_rental,commercial
riding_school,commercial
rifle_range,commercial
Rio Decor,commercial
ritual_bath,commercial
river_light,commercial
riviere,commercial
road,commercial
road salt,commercial
Road Services,commercial
road_maintenance,commercial
road_maintenance_depot,commercial
Roasted Green Chilies,commercial
Robinet,commercial
robinet,commercial
rock,commercial
Rock Lake Day Use Area,commercial
rock_shelter,commercial
Rødekors,commercial
rodel_rental,commercial
Roofing Company,commercial
room,commercial
rosie shop grandeur de l'eternel,commercial
round,commercial
Roupa e bijouteria,commercial
Roupa infantil,commercial
routoir,commercial
rsl,commercial
RTA,commercial
Rubbish tip,commercial
rubbish_bin,commercial
rubbish_tip,commercial
rubish_dump,commercial
rue,commercial
rue des petites fontaines,commercial
ruin,commercial
ruins,commercial
ruins:vending_machine,commercial
rules_sign,commercial
Rususa,commercial
Ruukinranta,commercial
rv parking,commercial
rv_rental,commercial
rv_storage,commercial
s,commercial
sacco,commercial
Sacco,commercial
saccos,commercial
sacred_object,commercial
safe_deposit,commercial
safety,commercial
safety_training,commercial
safety_village,commercial
sahakari,commercial
Sailing Center,commercial
sailing_school,commercial
Saint Louis City Morgue,commercial
Sak,commercial
sakhtemaneMantaghe,commercial
Salão de Beleza,commercial
salão de depilação,commercial
sales point,commercial
sales_office,commercial
saleyards,commercial
salles de clases,commercial
sallon,commercial
salon,commercial
Salon,commercial
salon de belleza,commercial
Salon de coiffure,commercial
Salon de coiffure DAME,commercial
Salón de Eventos,commercial
saloon,commercial
Saloon,commercial
Saloon and nails service,commercial
salt,commercial
salt_bin,commercial
salt_inhalation_therapy,commercial
salt_lick,commercial
salting_place,commercial
sam,commercial
Samsung Dealer,commercial
Samuel Court,commercial
sanatorium,commercial
Sand,commercial
Sand & Gravel Supplier,commercial
sand_bucket,commercial
sanitary_dump_station,commercial
sanitary_dump_station;water_point,commercial
sanitary_station,commercial
Sanitat,commercial
sant sofa pou fanm viktim vyolans,commercial
sante de sante mission amour d'haiti,commercial
sante_publique,commercial
santhom boys hostel,commercial
sar_base,commercial
sastha,commercial
satellite_dish,commercial
satellite_tv,commercial
sattelite telephone,commercial
sauna;dentist,commercial
scale,commercial
scales,commercial
scanner,commercial
scenic_route,commercial
schippersinternaat,commercial
Schmöker Laube,commercial
school,commercial
school inside amenity,commercial
school land,commercial
school le praticien,commercial
school/ Orphanage,commercial
school/college,commercial
school;bank,commercial
school;college,commercial
school;community_centre,commercial
school;kindergarten,commercial
school;library,commercial
school;parking,commercial
school;place_of_worship,commercial
school;public_building,commercial
school;restaurant,commercial
school;secondary_school,commercial
school;university,commercial
school_camp,commercial
school_canteen,commercial
school_drop_off,commercial
school_of_arts,commercial
school_of_illustration,commercial
school_other,commercial
school_ptc,commercial
school_tuition,commercial
school_vocational,commercial
Schützenhaus,commercial
science,commercial
science_centre,commercial
science_park,commercial
scientific_station,commercial
scooter,commercial
scooter_parking,commercial
scooter_rental,commercial
scooter_share,commercial
scooter_sharing,commercial
scoreboard,commercial
scout,commercial
Scout Hall,commercial
scout_camp,commercial
scout_den,commercial
scout_hall,commercial
scout_hut,commercial
scouting,commercial
Scouts,commercial
scrapyard,commercial
Screen Printer,commercial
screen_printing,commercial
screen_wash,commercial
Scruples,commercial
scuba_diving,commercial
scuba_diving_center,commercial
scuba_diving_school,commercial
sculpture,commercial
SDN Macan Tanggar,commercial
seamark bridge,commercial
seamstress,commercial
seaplane terminal,commercial
seaport,commercial
seasonal_wine_tavern,commercial
seat,commercial
seating,commercial
"seating,ornamental",commercial
second,commercial
second_hand,commercial
secondary_school,commercial
Secretaria_Municipal,commercial
securities,commercial
security,commercial
Security,commercial
security services,commercial
security_booth,commercial
security_check,commercial
security_control,commercial
security_office,commercial
security_pit,commercial
security_poste,commercial
Sede,commercial
Sede do Parque Nacional do Viruá - RR,commercial
seed_exchange,commercial
seed_library,commercial
seesaw,commercial
segway_rental,commercial
Select,commercial
Sélectionner,commercial
Seleziona,commercial
self_checkout_station,commercial
self_service,commercial
self_storage,commercial
selfie_spot,commercial
sell,commercial
Sell My Land,commercial
seminar_rooms,commercial
seminary,commercial
Sengo Security,commercial
senior_center,commercial
senior_citizen_center,commercial
Seniorentreff,commercial
seniors_society,commercial
sento,commercial
sentry_box,commercial
separate,commercial
Septic Service,commercial
septic_tank,commercial
serive,commercial
service,commercial
Service Center,commercial
service_camper,commercial
service_center,commercial
service_centre,commercial
service_desk,commercial
service_machine,commercial
service_pit,commercial
service_point,commercial
service_post_box,commercial
service_public_storage,commercial
service_refridgeration_repair,commercial
service_station,commercial
serviced_office,commercial
services,commercial
Services,commercial
Services for older people,commercial
serviços,commercial
Sewage Deodorization,commercial
sewage works,commercial
sewer,commercial
sewer_recycling,commercial
sewery,commercial
Sewing workshop,commercial
sewing_workshop,commercial
shade tree,commercial
shampooer,commercial
Share musicshop,commercial
share_taxi,commercial
shared_taxi,commercial
shaved_ice,commercial
she,commercial
sheepdip,commercial
shelf,commercial
shelter,commercial
shelter;bbq,commercial
shelter;bench,commercial
shelter;bench;bbq,commercial
shelter;bench;waste_basket,commercial
shelter;bicycle_parking,commercial
shelter;bicycle_parking;bicycle_rental,commercial
shelter;bookmobile,commercial
shelter;cafe,commercial
shelter;fountain,commercial
shelter;fuel,commercial
shelter;prostitution,commercial
shelter;waste_basket;bicycle_parking,commercial
shelter_baseplate_only,commercial
shelter_emergency,commercial
sheltered_housing,commercial
ship,commercial
Shipper,commercial
shipping,commercial
shipping_agency,commercial
shipping_and_receiving,commercial
shipping_company,commercial
ships,commercial
ships_store,commercial
shipyard,commercial
shisha,commercial
Shisha_Lounge,commercial
shoe,commercial
Shoe Shine,commercial
shoe_cleaning,commercial
shoe_repair,commercial
shoe_shine,commercial
shoeing_frame,commercial
shoemaker,commercial
shoerepair,commercial
shoes,commercial
shoeshine,commercial
shooting,commercial
shooting_bench,commercial
shooting_range,commercial
shooting_stand,commercial
shop,commercial
Shop,commercial
shop convenience,commercial
shop soudure,commercial
shop_bed,commercial
shop_depot,commercial
shop_gas_oxygen,commercial
shop_internet_access,commercial
shop_refrigeration_repair,commercial
shop_repair,commercial
shop|cannabis,commercial
shop=*,commercial
shop=chauffagiste,commercial
shopho,commercial
shops,commercial
show room,commercial
showcase,commercial
shower,commercial
"shower, toilets",commercial
shower;public_bath,commercial
shower;toilets,commercial
showers,commercial
showground,commercial
showroom,commercial
Showroom,commercial
shrine,commercial
shuttle,commercial
Siedziba_Stobrawskiego_Parku_Krajobrazowego,commercial
sign,commercial
sign board,commercial
Sign Shops,commercial
sign_information,commercial
signal,commercial
signpost,commercial
Signs,commercial
signs,commercial
Silk_Centre,commercial
singing_lessons,commercial
sink,commercial
sinks,commercial
siren,commercial
skate_rental,commercial
skateboard_parking,commercial
skateboard_repair_station,commercial
skatepark,commercial
skateplatz,commercial
ski station,commercial
ski_depot,commercial
ski_dump,commercial
ski_parking,commercial
ski_patrol,commercial
ski_rental,commercial
ski_rental;bicycle_rental,commercial
ski_repair_station,commercial
ski_resort,commercial
ski_school,commercial
ski_school;ski_rental,commercial
ski_school;ski_rental;bicycle_rental,commercial
ski_service,commercial
skin_care,commercial
skin_specialist,commercial
Skincare,commercial
Sklep motoryzacyjny,commercial
Sklep z paszami,commercial
slaughterhouse,commercial
sled_rental,commercial
sledding_hill,commercial
Sleep Disorder,commercial
slide;swing,commercial
slipway,commercial
small_electric_vehicle_parking,commercial
small_electric_vehicle_rental,commercial
small_engine,commercial
small_industry,industrial
small_vehicle_parking,commercial
small_wild_animal_cage.,commercial
smog_detector,commercial
Smoke Shop,commercial
smoke_house,commercial
smoke_supplies,commercial
smokehouse,commercial
smoker,commercial
smoking,commercial
smoking_area,commercial
smoking_area;bench,commercial
smoking_room,commercial
smoking_shelter,commercial
smoking_station,commercial
smoky hut mpows,commercial
smoothie,commercial
snack,commercial
Snack bar restaurant,commercial
snack_bar,commercial
snack_cart,commercial
snack_stand,commercial
snooker_hall,commercial
snow_park,commercial
snow_removal_station,commercial
snow_storage,commercial
snowboard_rental,commercial
snowboard_repair_station,commercial
snowmaking,commercial
snowmobile_rental,commercial
soapy_massage,commercial
soccer,commercial
soccer_club,commercial
social,commercial
social_activities,commercial
social_assistance,commercial
social_care,commercial
social_center,commercial
social_centre,commercial
social_centre;healthcare,commercial
social_centre;library;restaurant,commercial
social_club,commercial
social_facility,commercial
social_facility drowning rescue service,commercial
social_facility without social_facility,commercial
social_facility;community_centre,commercial
social_facility;fast_food,commercial
social_facility;hospital,commercial
social_facility;library,commercial
social_facility;social_facility=food_bank,commercial
social_investment,commercial
social_services,commercial
Social_Space,commercial
société d'assurance,commercial
society,commercial
socket,commercial
socket:schuko,commercial
soft air,commercial
soft_play,commercial
software_company,commercial
software_engineering,commercial
Solar Companies,commercial
Solar Energy,commercial
Solar energy equipment supplier,commercial
Solar Panel Installation,commercial
Solar Panels,commercial
solar_panel,commercial
solar_tree,commercial
solar_water_heater,commercial
Solarium,commercial
Solent Retail Park,commercial
solicitor,commercial
solicitors,commercial
sop,commercial
sorority,commercial
Souadou pressing,commercial
soup_kitchen,commercial
South Rampart Street,commercial
Southey Residence,residential
souvenirs,commercial
sozial_welfare_office,commercial
soziale_Einrichtung,commercial
spa,commercial
SPA,commercial
"spa, saloon, cafe",commercial
"spa,_sauna",commercial
spa_resort,commercial
space,commercial
Spare Parts,commercial
speaker,commercial
special education,commercial
special school,commercial
special_education,commercial
speech_therapist,commercial
speech_therapy,commercial
speed,commercial
speed bump,commercial
speed_bump,commercial
speed_check_display,commercial
speed_display,commercial
speed_enforcement,commercial
speed_trap,commercial
speelotheek,commercial
sping_board,commercial
spiritual_centre,commercial
spiritual_healing,commercial
spit,commercial
splash_pad,commercial
split_bin,commercial
sport,commercial
sport_centre,commercial
sport_pub,commercial
sport_school,commercial
sport_something,commercial
sportbar,commercial
sporthal,commercial
sports,commercial
Sports Ground,commercial
Sports Stadium,commercial
sports_centre,commercial
sports_club,commercial
sports_complex,commercial
sports_cub,commercial
sports_hall,commercial
sports_therapist,commercial
sports_viewing_centre,commercial
spring,commercial
spring_board,commercial
springboard,commercial
Sprzedaż pomidorów,commercial
Spüle,commercial
square,commercial
squat,commercial
squat for immigrants/refugees,commercial
SSU,commercial
st,commercial
St mary's clinic,commercial
stable,commercial
stables,commercial
stack,commercial
stack_of_straw,commercial
stadium,commercial
staffing_agency,commercial
staffing_services,commercial
stage,commercial
stair,commercial
stairs_entrance/exit_P_garage,commercial
stall,commercial
stamp,commercial
stamp machine,commercial
stand,commercial
stand pipe,commercial
stand_pipe,commercial
stand_up_bench,commercial
standpost,commercial
standup_paddleboard_rental,commercial
stand-up-paddle,commercial
star mart mini bar,commercial
start river,commercial
Startplatz,commercial
State Commission of Housing,commercial
State Park,commercial
state_service,commercial
station,commercial
Station Moto,commercial
station service,commercial
station services,commercial
stationary,commercial
stationery,commercial
statue,commercial
stock,commercial
stock exchange,commercial
stock_exchange,commercial
stock_ticker,commercial
stockage,commercial
stockyards,commercial
stone,commercial
stone_seat,commercial
stone_shop,commercial
stonecutter,commercial
stonemason,commercial
stool,commercial
stop,commercial
stopping_space,commercial
storage,commercial
storage_box,commercial
storage_facility,commercial
storage_hotel,commercial
storage_rental,commercial
storage_tank,commercial
store,commercial
Store,commercial
store that keeping charcol,commercial
store_pickup,commercial
stork_nest,commercial
storm_drain,commercial
storm_shelter,commercial
strawberry_fields,commercial
stream,commercial
stream_pool,commercial
Street Saturday Market,commercial
street_cabinet,commercial
street_food,commercial
street_lamp,commercial
street_side,commercial
street_vendor,commercial
streetfood,commercial
streetkitchen,commercial
streetlamp,commercial
strider_track,commercial
stripclub,commercial
stripclub;bar,commercial
stripclub;brothel,commercial
striptease,commercial
stroller_parking,commercial
stroller_rental,commercial
student accommodation,commercial
student council,commercial
student_accommodation,commercial
student_accomodation,commercial
student_branch,commercial
student_center,commercial
student_democracy,commercial
student_health,commercial
student_housing,commercial
student_office,commercial
student_services,commercial
student_union,commercial
students_accomodations,commercial
studio,commercial
studio and meeting,commercial
studio photo,commercial
studio;coworking_space,commercial
studio;theatre,commercial
study,commercial
study room,commercial
study_lounge,commercial
study_room,commercial
stumps,commercial
sub_station,commercial
substation,commercial
suction_point,commercial
summer_camp,commercial
sun,commercial
sun_clock,commercial
sun_shelter,commercial
sun_studio;massage,commercial
sunbed,commercial
sundial,commercial
sunscreen,commercial
suntan,commercial
Sunu Assurances,commercial
supe,commercial
super,commercial
Supérette,commercial
supermarket,commercial
supplementary_education,commercial
Support Service,commercial
support service,commercial
support_center,commercial
surf_centre,commercial
surf_school,commercial
surf_shop,commercial
surface,commercial
surfboard rental,commercial
surfing_school,commercial
surgery,commercial
surveillance_camera,commercial
survelillance,commercial
surveyor,commercial
surveypoint,commercial
sushi,commercial
"Suvidha Market, Netaji Nagar",commercial
swamp,commercial
Swanton Mill,industrial
swapbox,commercial
swimming,commercial
swimming pool,commercial
swimming_area,commercial
swimming_pool,commercial
swimming_school,commercial
swing,commercial
swingerclub,commercial
swingerclub for swinger clubs,commercial
swingers,commercial
swingers club,commercial
swinging_table,commercial
swings,commercial
Syndicate,commercial
Syndicate bank,commercial
Szkoła_językowa,commercial
tabacco,commercial
tabaceria,commercial
table,commercial
table_tennis,commercial
tacatile,commercial
Tafel,commercial
tagstat,commercial
tailler,commercial
tailor,commercial
tailor_school,commercial
takaway_window,commercial
take_away,commercial
takeaway,commercial
takeaway_window,commercial
taller,commercial
Taller,commercial
talopiirtopalvelu,commercial
tan,commercial
tank,commercial
tank tower,commercial
tanning,commercial
tanning_beds,commercial
tanning_salon,commercial
tanning_studio,commercial
tap,commercial
Tạp chí Văn nghệ Quân đội,commercial
taproom,commercial
Tarven,commercial
tattoo,commercial
Tattoo Shops In Hawaii,commercial
tattoo_parlor,commercial
tattoo_parlour,commercial
tattoos,commercial
tavern,commercial
tavoli,commercial
tax,commercial
tax collection piont,commercial
Tax Preparation Service,commercial
tax prepration,commercial
tax_advisor,commercial
tax_agent,commercial
tax_consultant,commercial
taxi,commercial
taxi Jeeps,commercial
taxi;bank,commercial
taxi;restaurant,commercial
taxi_button,commercial
taxi_depot,commercial
taxi_exit,commercial
taxi_garage,commercial
taxi_phone,commercial
taxi_point,commercial
taxi_school,commercial
taxi_service,commercial
taxi_station,commercial
taxi=rikshaw,commercial
T-Card Office,commercial
tea,commercial
teaching,commercial
teaching academy,commercial
teahouse,commercial
teamroom,commercial
tearoom,commercial
tec_common,commercial
technical,commercial
technical school,commercial
Technical school,commercial
technical_inspection,commercial
technical_school,commercial
Technical-Construction,commercial
tecnology,commercial
tee,commercial
teeth_bleaching,commercial
teeth_whitening,commercial
Telas,commercial
Telecentre_i_Equipament associatiu,commercial
telecom,commercial
telecommunication,commercial
telecommunications,commercial
telecomunication service center,commercial
telefonladen+pakezshop,commercial
telegraph_office,commercial
telephone,commercial
telephone - @,commercial
telephone cable access,commercial
telephone;atm,commercial
telephone;cafe,commercial
telephone;clock,commercial
telephone;community_centre,commercial
telephone;fire_station,commercial
telephone;post;telegraph,commercial
telephone;post_box,commercial
telephone;school,commercial
telephone;toilets,commercial
telephone_box,commercial
telephone_control_box,commercial
telephone_exchange,commercial
telephone_pole,commercial
telescope,commercial
television,commercial
teltphone,commercial
temp_restaurant,commercial
temple,commercial
Temple,commercial
temporary_toilet_site,commercial
tennis courts,commercial
tennis_school,commercial
tent house,commercial
tent_ground,commercial
tent_rental,commercial
tents,commercial
Terapia,commercial
terminal,commercial
test drive track,commercial
test site,commercial
test_center,commercial
testcenter,commercial
testing,commercial
testing_center,commercial
texmex food,commercial
textile and wallpaper shop,commercial
Thành Nghĩa,commercial
The used it as a store,commercial
theater,commercial
theater_school,commercial
theatre,commercial
theatre (historic),commercial
theatre; restaurant,commercial
theatre;bar,commercial
theatre;cinema,commercial
theatre;community_centre,commercial
theatre;parking,commercial
theatre_company,commercial
theatre_school,commercial
theatre_stage,commercial
theatre-Cinema,commercial
theme_park,commercial
therapeutic_community,commercial
therapist,commercial
therapists,commercial
therapy,commercial
thermometer,commercial
thermometer; barometer; hygrometer,commercial
thermometr,commercial
third sector offices,commercial
thuiszorg,commercial
ticked_validator,commercial
ticket,commercial
ticket_booth,commercial
ticket_counter,commercial
ticket_marker,commercial
ticket_office,commercial
ticket_validator,commercial
tickets,commercial
tickets_validator,commercial
tide_clock,commercial
tiffincenter,commercial
tillar,commercial
time-cafe,commercial
tip,commercial
tipography,commercial
tire_inflation_station,commercial
tire_pump,commercial
title_insurance,commercial
to the east,commercial
tobacco,commercial
tobacco;post_office,commercial
toboggan,commercial
toilet,commercial
toilet_disposal,commercial
toilets,commercial
toilets:dog,commercial
toilets;bank,commercial
toilets;bench,commercial
toilets;bicycle_parking,commercial
toilets;bicycle_rental,commercial
toilets;cafe,commercial
toilets;drinking_water;bbq,commercial
toilets;kitchen;fridge;drinking_water;stove;bbq,commercial
toilets;library,commercial
toilets;place_of_worship,commercial
toilets;recycling,commercial
toilets;restaurant,commercial
toilets;school,commercial
toilets;shower,commercial
toilets;vending_machine,commercial
toilets;waste_disposal,commercial
toilets;waste_dump_site,commercial
toilets_closed,commercial
toilets-waitingroom,commercial
toko bangunan,commercial
Tol,commercial
Tole,commercial
tole,commercial
toll_booth,commercial
tombstone,commercial
tool_hire,commercial
tool_library,commercial
tool_rental,commercial
tool_repair,commercial
tools_rental,commercial
top 50 bar resto,commercial
Totempfahl,commercial
tour guide,commercial
tour_agency,commercial
tour_operator,commercial
touris,commercial
tourism,commercial
tourism=guest_house,commercial
tourist,commercial
tourist_bus_parking,commercial
tours,commercial
Tours and travel,commercial
tow_truck,commercial
towels,commercial
tower,commercial
tower_of_silence,commercial
towing,commercial
Towing Company,commercial
Towing Service,commercial
towing_service,commercial
town,commercial
townhal,commercial
townhall,commercial
townhall;cafe,commercial
townhall;hospital,commercial
townhall;place_of_worship,commercial
townhall;police,commercial
townhall;public_building,commercial
townhall;research_institute,commercial
toy,commercial
toy_library,commercial
toys,commercial
tr,commercial
Tractor Stage,commercial
tractor_rental,commercial
tractor_repair,commercial
trade,commercial
Trade,commercial
Trade Currency,commercial
trade_chamber,commercial
trade_school,commercial
trade_union,commercial
traditional,commercial
traditional circumcision centre,commercial
traditional health centre,commercial
traditional herbalist centre,commercial
traditional orthopaedic healing centre,commercial
traditional_medicine,commercial
traffic,commercial
traffic education,commercial
traffic_calming=bump,commercial
traffic_camera,commercial
traffic_light_camera,commercial
traffic_park,commercial
traffic_school,commercial
traffic_tickets,commercial
traiing,commercial
trail,commercial
trail_facility,commercial
trail_head,commercial
trailer_park,commercial
trailer_rental,commercial
trailhead,commercial
train_station,commercial
trainig,commercial
training,commercial
training;arts_centre;events_venue,commercial
training_center,commercial
training_centre,commercial
training_facility,commercial
training_school,commercial
trainning,commercial
traiteur,commercial
traning_center,commercial
transfert,commercial
translation,commercial
translation_services,commercial
translations,commercial
translator,commercial
transport,commercial
Transport,commercial
Transport Agent,commercial
TRANSPORT EN COMMUN,commercial
transportation,commercial
trap,commercial
trap;game_feeding,commercial
trash,commercial
trash_bin,commercial
trash_disposal,commercial
Trave agence,commercial
travel,commercial
travel agency,commercial
travel_agency,commercial
travel_agent,commercial
tree,commercial
tree hospital,commercial
tree_service,commercial
tree_swing,commercial
tribunal,commercial
tricycle,commercial
tricycle_station,commercial
tricycle_taxi,commercial
tricylce_station,commercial
trog,commercial
troll,commercial
trolley_bar,commercial
trolley_bay,commercial
trolley_rental,commercial
trolly_bay,commercial
trotinettes,commercial
trough,commercial
Truck Service Iveco,commercial
truck_inspection_station,commercial
truck_parking,commercial
Truck_parking,commercial
truck_rental,commercial
truck_scale,commercial
truck_stop,commercial
truck_wash,commercial
trucking,commercial
tube_rental,commercial
tuision center,commercial
tuition,commercial
Tuition,commercial
Tuition centre,commercial
Tuition_Centre,commercial
tuition_school,commercial
Tummy Tuck,commercial
Turkish bath,commercial
turn_stile,commercial
turning,commercial
Tution,commercial
tution center,commercial
tutor,commercial
tutoring,commercial
tutoring_centre,commercial
tutors,commercial
tv,commercial
typography,commercial
tyre,commercial
tyres,commercial
tyres_repair,commercial
U T C,commercial
ujamaa family centre,commercial
ultrasound_scanning,commercial
umbrella,commercial
umpire_chair,commercial
un_facility,commercial
unclassified,commercial
undefined,commercial
undertaker,commercial
UNILA,commercial
union,commercial
unity,commercial
university,commercial
university land,commercial
university;hospital,commercial
university_building,commercial
university_department,commercial
unknown,commercial
unofficial_parking,commercial
unused land,commercial
u-pick,commercial
upvalue_terminal,commercial
urban design architecture,commercial
Urban Health Center,commercial
urbano,commercial
urgent_care,commercial
urinal,commercial
user defined,commercial
user_defined,commercial
usine,commercial
usine bloc,commercial
utc,commercial
utilities,commercial
utility,commercial
Uttara,commercial
v,commercial
vacant,commercial
Vacant places,commercial
vaccant,commercial
vaccination_centre,commercial
vacoom_cleaner,commercial
vacuum_cleaner,commercial
vada pasal,commercial
valet_parking,commercial
validator,commercial
van_hire,commercial
van_rental,commercial
vape,commercial
Vape Guys,commercial
Vape Shop,commercial
vaping_lounge,commercial
variable_message_sign,commercial
variety store,commercial
variety_store,commercial
various,commercial
vdsl-aru,commercial
vegetable_market,commercial
vehicle_impound,commercial
vehicle_inspection,commercial
vehicle_ramp,commercial
vehicule inspection,commercial
vehicule_inspection,commercial
veicle_ramp,commercial
vend,commercial
vending,commercial
vending_machine,commercial
vending_machine; waste_basket,commercial
vending_machine;bench,commercial
vending_machine;cafe,commercial
vending_machine;coworking_space,commercial
vending_machine;dog_waste_bin,commercial
vending_machine;drinking_water,commercial
vending_machine;luggage_locker,commercial
vending_machine;post_box,commercial
vending_machine;recycling,commercial
vending_machine;smoking_area,commercial
vending_machine;taxi,commercial
vending_machine;telephone,commercial
vending_machine;ticket_validator,commercial
vending_machine;waste_basket,commercial
vending_mashine,commercial
vendor,commercial
Vente de voiture et de pièces détachées,commercial
venue,commercial
venue_centre,commercial
venue_hall,commercial
verloskundige,commercial
vertical_farm,commercial
vet,commercial
vet_pharmacy,commercial
veterinary,commercial
veterinary pharmacy,commercial
veterinary;pharmacy,commercial
veterinary;veterinary_pharmacy,commercial
veterinary;veterinary_pharmacy;animal_boarding,commercial
veterinary;veterinary_pharmacy;animal_boarding;animal_breeding;animal_training,commercial
veterinary_hospital,commercial
veterinary_pharmacy,commercial
Vì học sinh Trường Sa thân yêu,commercial
vicarage,commercial
video_games,commercial
video_games_centre,commercial
video_rental,commercial
video_transfer,commercial
view,commercial
viewing screen,commercial
viewing_platform,commercial
viewpoint,commercial
viljanpakkaamo,commercial
village,residential
village_hall,commercial
village_pump,commercial
village_sign,commercial
vine r not next,commercial
vineyard,commercial
vintage and modern resale,commercial
vinw l,commercial
vinw lwft,commercial
vip_lounge,commercial
visiting_nurse,commercial
visitor_center,commercial
Vitrified carpentry,commercial
Viv,commercial
vivero,commercial
VLC attorney,commercial
voluntary_association,commercial
volunteer_centre,commercial
Voyage,commercial
vulgarisateur,commercial
w,commercial
wa,commercial
waiting room,commercial
waiting Shed,commercial
waiting_area,commercial
waiting_room,commercial
Wakala,commercial
wakala kiosks,commercial
walk_in_centre,commercial
walking_bus,commercial
walking_school,commercial
walkingbus_stop,commercial
wall mounted,commercial
wall_loops,commercial
wall_magazine,commercial
wallow,commercial
Wanderbuch,commercial
war,commercial
ward,commercial
ward office,commercial
warehouse,industrial
warming_hut,commercial
warning_sign,commercial
Warung,commercial
was:bank,commercial
was:bar,commercial
was:cinema,commercial
was:fast_food,commercial
was:nightclub,commercial
was:restaurant,commercial
was:shelter,commercial
wasf,commercial
wash,commercial
wash_basin,commercial
wash_house,commercial
washhouse,commercial
washing_area,commercial
washing_facility,commercial
washing_machine,commercial
washing_machine;vending_machine,commercial
washing_mashine,commercial
washing_place,commercial
washingline,commercial
washroom,commercial
washrooms,commercial
waste,commercial
Waste Disposal Services,commercial
Waste management service,commercial
waste oil dump,commercial
waste_ashtray,commercial
waste_basked,commercial
waste_basket,commercial
waste_basket;atm,commercial
waste_basket;bench,commercial
waste_basket;bench;waste_disposal,commercial
waste_basket;bicycle_parking,commercial
waste_basket;bus_station;bench,commercial
waste_basket;grit_bin,commercial
waste_basket;life_ring,commercial
waste_basket;recycling,commercial
waste_basket;recycling;bench,commercial
waste_basket;recycling\,commercial
waste_basket;telephone,commercial
waste_basket;toilets,commercial
waste_basket;toilets;,commercial
waste_basket;vending_machine,commercial
waste_basket3333,commercial
waste_bin,commercial
waste_car,commercial
waste_collection_station,commercial
waste_container,commercial
waste_disposal,commercial
waste_disposal paper,commercial
waste_disposal;bench,commercial
waste_disposal;drinking_water,commercial
waste_disposal;recycling,commercial
waste_disposal;shower;toilets,commercial
waste_disposal;toilets;drinking_water,industrial
waste_disposal;waste_basket,commercial
waste_disposal_container,commercial
waste_disposal3,commercial
waste_dump_facilities,commercial
waste_dump_site,commercial
waste_glass,commercial
waste_management,commercial
waste_point,commercial
waste_poop_dog,commercial
waste_transfer,commercial
waste_transfer_station,commercial
waste_water,industrial
waste=trash;cigarettes,commercial
wastes,commercial
watchmaker,commercial
water,industrial
Water,industrial
Water Damage,industrial
Water or Irrigation,industrial
water or irrigation,industrial
water supply,industrial
water tank,industrial
Water tank,industrial
Water Tank,industrial
water tank/reserver,industrial
Water Well Service,industrial
water_authority,industrial
water_crane,industrial
water_dispenser,industrial
water_disposal,industrial
water_feature,industrial
water_fountain,commercial
water_level,industrial
water_or_irrigation,industrial
water_park,commercial
water_place,industrial
water_point,industrial
water_point;drinking_water,industrial
water_point;ferry_terminal,industrial
water_point;sanitary_dump_station,industrial
water_point;waste_disposal,industrial
water_pump,commercial
water_service,commercial
water_ski,commercial
water_ski_school,commercial
water_skiing,commercial
water_slide,commercial
water_source,commercial
water_sports_school,commercial
water_tank,industrial
water_tanks,industrial
water_tap,industrial
water_treading,industrial
water_well,industrial
water_works,industrial
waterfall,commercial
watering,industrial
watering_can_bay,industrial
watering_can_rack,industrial
watering_hole,industrial
watering_place,industrial
watering_place;drinking_water,industrial
watering_tank,industrial
watering_well,industrial
watermill,industrial
waterpipeline_facility,industrial
waterpoint,industrial
watersports,commercial
watertap,industrial
waterwell,commercial
wating_room,commercial
waxing,commercial
way_side_cross,commercial
waymarker,commercial
wayside cross,commercial
wayside_cross,commercial
wayside_shrine,commercial
we,commercial
wealth management,commercial
wealth_management,commercial
weapon_bin,commercial
weather_dial,commercial
weather_shelter,commercial
weather_station,commercial
weather_vane,commercial
weathercock,commercial
weathervane,commercial
web_design,commercial
web_development,commercial
Website Designer,commercial
Wedding Location,commercial
Wedding Subscription Box,commercial
wedding_chapel,commercial
wedding_hall,commercial
wedding_organizer,commercial
wedding_stuff,commercial
weigh_station,commercial
weighbridge,commercial
weighing_machine,commercial
weighing_scale,commercial
weight_loss,commercial
weight_scale,commercial
weight_station,commercial
weightloss,commercial
weigthbridge,commercial
weir,commercial
welcome_sign,commercial
Welding Shop,commercial
welfare_centre,commercial
well,commercial
Well,commercial
wellbeing_center,commercial
wellness,commercial
Wellness,commercial
Wellness Center,commercial
wellness_center,commercial
wellness_centre,commercial
werft,commercial
Westpac atm,commercial
wet mill,industrial
wharf,commercial
whe,commercial
wheel_bath,commercial
wheel_wash,commercial
wheelbarrow_rental,commercial
wheelchair_hire,commercial
wheelchair_lift,commercial
wheelchair_parking,commercial
wheelchair_ramp,commercial
wheelchair_rental,commercial
wheeler,commercial
wheelwash,commercial
whirlpool,commercial
whiteboard,commercial
whitewater,commercial
whorkshop,commercial
wifi,commercial
wifi;telephone;device_charging_station,commercial
wifihotspot,commercial
wild_animal_feeding,commercial
wild_insprong,commercial
wild_meat_collection_point,commercial
wilderness_hut,commercial
wildlife_feeding,commercial
wildlife_hide,commercial
wildlife_rehabilitation,commercial
wildlife-feeding,commercial
window,commercial
Window Tinting Service,commercial
Window Treatments,commercial
window_cleaning,commercial
window_cleaning_service,commercial
windshield_repair,commercial
windsurf school,commercial
windsurf_rental,commercial
windsurf_school,commercial
windsurfing_rental,commercial
windsurfing_school,commercial
windsurfing_school; kitesurfing_school,commercial
wine,commercial
wine cellar,commercial
wine_bar,commercial
wine_estate,commercial
wine_storage,commercial
wine_tavern,commercial
winebar,commercial
winery,commercial
Winzerhof,commercial
wishing_tree,commercial
wlan,commercial
wood transports,commercial
wood yard,commercial
wood_splittint_place,commercial
wood_storage,commercial
wood_stoves,commercial
work,commercial
working_mens_club,commercial
working_space,commercial
works,commercial
workshop,commercial
workshops,commercial
worship,commercial
wrapping_table,commercial
wrecker_service,commercial
writing_school,commercial
wudu_khana,commercial
WWII bunker,commercial
x,commercial
x-ray,commercial
xyz,commercial
Yacht charters,commercial
yacht club,commercial
yacht_club,commercial
yacht_school,commercial
yes,residential
YMCA,commercial
YO Cafeteria,commercial
yoga,commercial
yoga_studio,commercial
Young men's christian association clinic,commercial
your_speed,commercial
Youth Group,commercial
youth room,commercial
youth_bench,commercial
youth_center,commercial
youth_centre,commercial
youth_hostel,commercial
youth_organisation,commercial
youth_project,commercial
youth_welfare_office,commercial
Yurt,commercial
Zahir Pajaziti,commercial
Zakład stolarski,commercial
Zakład Usług Komunalnych w Blizanowie,commercial
